descripcion,idServicio,nombre
"Proin interdum mauris non ligula pellentesque ultrices. Phasellus id sapien in sapien iaculis congue. Vivamus metus arcu, adipiscing molestie, hendrerit at, vulputate vitae, nisl.",1,Grocery
Suspendisse accumsan tortor quis turpis. Sed ante.,2,Music
Maecenas rhoncus aliquam lacus. Morbi quis tortor id nulla ultrices aliquet.,3,Shoes
"Maecenas leo odio, condimentum id, luctus nec, molestie sed, justo. Pellentesque viverra pede ac diam.",4,Beauty
,5,Automotive
Nulla facilisi. Cras non velit nec nisi vulputate nonummy.,6,Electronics
Donec dapibus.,7,Outdoors
"Morbi odio odio, elementum eu, interdum eu, tincidunt in, leo.",8,Outdoors
"Donec vitae nisi. Nam ultrices, libero non mattis pulvinar, nulla pede ullamcorper augue, a suscipit nulla elit ac nulla.",9,Shoes
Fusce consequat. Nulla nisl. Nunc nisl.,10,Tools
,11,Industrial
"Nam nulla. Integer pede justo, lacinia eget, tincidunt eget, tempus vel, pede. Morbi porttitor lorem id ligula.",12,Jewelery
"Proin risus. Praesent lectus. Vestibulum quam sapien, varius ut, blandit non, interdum in, ante.",13,Movies
,14,Jewelery
"Mauris ullamcorper purus sit amet nulla. Quisque arcu libero, rutrum ac, lobortis vel, dapibus at, diam.",15,Kids
,16,Outdoors
,17,Clothing
"In tempor, turpis nec euismod scelerisque, quam turpis adipiscing lorem, vitae mattis nibh ligula nec sem. Duis aliquam convallis nunc.",18,Tools
"Donec diam neque, vestibulum eget, vulputate ut, ultrices vel, augue. Vestibulum ante ipsum primis in faucibus orci luctus et ultrices posuere cubilia Curae; Donec pharetra, magna vestibulum aliquet ultrices, erat tortor sollicitudin mi, sit amet lobortis sapien sapien non mi.",19,Games
,20,Health
Quisque id justo sit amet sapien dignissim vestibulum.,21,Automotive
,22,Music
Duis bibendum. Morbi non quam nec dui luctus rutrum. Nulla tellus.,23,Books
Nunc rhoncus dui vel sem. Sed sagittis.,24,Movies
"Integer pede justo, lacinia eget, tincidunt eget, tempus vel, pede.",25,Sports
,26,Clothing
,27,Electronics
Quisque porta volutpat erat.,28,Computers
Nulla tempus. Vivamus in felis eu sapien cursus vestibulum.,29,Industrial
"Morbi sem mauris, laoreet ut, rhoncus aliquet, pulvinar sed, nisl. Nunc rhoncus dui vel sem.",30,Tools
,31,Electronics
Phasellus sit amet erat.,32,Clothing
,33,Kids
Suspendisse accumsan tortor quis turpis. Sed ante.,34,Music
,35,Movies
,36,Home
,37,Grocery
"In tempor, turpis nec euismod scelerisque, quam turpis adipiscing lorem, vitae mattis nibh ligula nec sem.",38,Clothing
,39,Automotive
Aliquam erat volutpat.,40,Home
"Fusce lacus purus, aliquet at, feugiat non, pretium quis, lectus. Suspendisse potenti.",41,Tools
,42,Kids
,43,Jewelery
,44,Movies
"Donec odio justo, sollicitudin ut, suscipit a, feugiat et, eros.",45,Automotive
,46,Jewelery
"Fusce posuere felis sed lacus. Morbi sem mauris, laoreet ut, rhoncus aliquet, pulvinar sed, nisl. Nunc rhoncus dui vel sem.",47,Electronics
,48,Health
,49,Kids
"Curabitur gravida nisi at nibh. In hac habitasse platea dictumst. Aliquam augue quam, sollicitudin vitae, consectetuer eget, rutrum at, lorem.",50,Movies
"Nam nulla. Integer pede justo, lacinia eget, tincidunt eget, tempus vel, pede. Morbi porttitor lorem id ligula.",51,Baby
"Morbi vestibulum, velit id pretium iaculis, diam erat fermentum justo, nec condimentum neque sapien placerat ante.",52,Electronics
,53,Clothing
,54,Health
,55,Health
,56,Music
,57,Outdoors
"Morbi vel lectus in quam fringilla rhoncus. Mauris enim leo, rhoncus sed, vestibulum sit amet, cursus id, turpis.",58,Electronics
,59,Kids
,60,Industrial
,61,Movies
,62,Garden
,63,Games
"Morbi vestibulum, velit id pretium iaculis, diam erat fermentum justo, nec condimentum neque sapien placerat ante. Nulla justo. Aliquam quis turpis eget elit sodales scelerisque.",64,Industrial
Suspendisse accumsan tortor quis turpis. Sed ante.,65,Games
Sed accumsan felis. Ut at dolor quis odio consequat varius.,66,Beauty
Nunc rhoncus dui vel sem. Sed sagittis.,67,Kids
,68,Electronics
,69,Health
Maecenas ut massa quis augue luctus tincidunt. Nulla mollis molestie lorem. Quisque ut erat.,70,Clothing
,71,Games
"Integer aliquet, massa id lobortis convallis, tortor risus dapibus augue, vel accumsan tellus nisi eu orci. Mauris lacinia sapien quis libero.",72,Garden
,73,Outdoors
,74,Clothing
Vivamus vestibulum sagittis sapien.,75,Garden
,76,Outdoors
,77,Outdoors
In congue.,78,Music
,79,Beauty
Duis mattis egestas metus. Aenean fermentum. Donec ut mauris eget massa tempor convallis.,80,Health
,81,Baby
,82,Automotive
,83,Movies
"Cum sociis natoque penatibus et magnis dis parturient montes, nascetur ridiculus mus. Vivamus vestibulum sagittis sapien. Cum sociis natoque penatibus et magnis dis parturient montes, nascetur ridiculus mus.",84,Games
,85,Movies
Quisque id justo sit amet sapien dignissim vestibulum. Vestibulum ante ipsum primis in faucibus orci luctus et ultrices posuere cubilia Curae; Nulla dapibus dolor vel est.,86,Clothing
,87,Grocery
Curabitur convallis. Duis consequat dui nec nisi volutpat eleifend.,88,Grocery
,89,Baby
,90,Toys
,91,Toys
,92,Grocery
Nulla ac enim.,93,Clothing
,94,Tools
,95,Automotive
Duis at velit eu est congue elementum. In hac habitasse platea dictumst.,96,Sports
,97,Electronics
Nunc purus. Phasellus in felis.,98,Music
,99,Toys
"Duis ac nibh. Fusce lacus purus, aliquet at, feugiat non, pretium quis, lectus.",100,Music
"Vestibulum ante ipsum primis in faucibus orci luctus et ultrices posuere cubilia Curae; Donec pharetra, magna vestibulum aliquet ultrices, erat tortor sollicitudin mi, sit amet lobortis sapien sapien non mi. Integer ac neque. Duis bibendum.",101,Outdoors
Donec dapibus. Duis at velit eu est congue elementum.,102,Electronics
"Duis bibendum, felis sed interdum venenatis, turpis enim blandit mi, in porttitor pede justo eu massa. Donec dapibus.",103,Grocery
"Mauris enim leo, rhoncus sed, vestibulum sit amet, cursus id, turpis.",104,Beauty
,105,Clothing
Morbi porttitor lorem id ligula. Suspendisse ornare consequat lectus.,106,Industrial
"Vivamus metus arcu, adipiscing molestie, hendrerit at, vulputate vitae, nisl. Aenean lectus. Pellentesque eget nunc.",107,Games
,108,Outdoors
Nam nulla.,109,Home
"Mauris enim leo, rhoncus sed, vestibulum sit amet, cursus id, turpis.",110,Games
,111,Automotive
,112,Baby
Curabitur gravida nisi at nibh. In hac habitasse platea dictumst.,113,Books
,114,Kids
,115,Clothing
Maecenas tincidunt lacus at velit. Vivamus vel nulla eget eros elementum pellentesque.,116,Electronics
,117,Industrial
,118,Music
,119,Computers
Nulla suscipit ligula in lacus. Curabitur at ipsum ac tellus semper interdum.,120,Grocery
,121,Tools
,122,Outdoors
Duis mattis egestas metus. Aenean fermentum.,123,Tools
,124,Garden
Nullam porttitor lacus at turpis.,125,Health
,126,Tools
Integer non velit.,127,Music
,128,Books
"Cras in purus eu magna vulputate luctus. Cum sociis natoque penatibus et magnis dis parturient montes, nascetur ridiculus mus. Vivamus vestibulum sagittis sapien.",129,Electronics
Aenean fermentum.,130,Home
"Nullam orci pede, venenatis non, sodales sed, tincidunt eu, felis.",131,Garden
,132,Garden
,133,Health
,134,Industrial
,135,Books
,136,Sports
Maecenas tincidunt lacus at velit.,137,Computers
,138,Outdoors
,139,Shoes
,140,Sports
,141,Beauty
"Aliquam augue quam, sollicitudin vitae, consectetuer eget, rutrum at, lorem.",142,Electronics
,143,Movies
,144,Grocery
,145,Music
"Quisque arcu libero, rutrum ac, lobortis vel, dapibus at, diam. Nam tristique tortor eu pede.",146,Books
"Nunc nisl. Duis bibendum, felis sed interdum venenatis, turpis enim blandit mi, in porttitor pede justo eu massa. Donec dapibus.",147,Automotive
Curabitur at ipsum ac tellus semper interdum.,148,Garden
Praesent blandit lacinia erat. Vestibulum sed magna at nunc commodo placerat.,149,Outdoors
,150,Games
,151,Shoes
Duis at velit eu est congue elementum.,152,Jewelery
Etiam justo. Etiam pretium iaculis justo. In hac habitasse platea dictumst.,153,Books
Donec semper sapien a libero. Nam dui.,154,Home
,155,Kids
Sed ante.,156,Tools
,157,Music
Maecenas pulvinar lobortis est. Phasellus sit amet erat. Nulla tempus.,158,Beauty
,159,Garden
,160,Automotive
Nulla facilisi. Cras non velit nec nisi vulputate nonummy.,161,Home
,162,Shoes
,163,Shoes
,164,Garden
Integer ac leo. Pellentesque ultrices mattis odio.,165,Automotive
,166,Baby
,167,Kids
,168,Baby
,169,Grocery
,170,Shoes
,171,Tools
Fusce posuere felis sed lacus.,172,Computers
,173,Garden
Sed accumsan felis. Ut at dolor quis odio consequat varius. Integer ac leo.,174,Games
,175,Games
,176,Home
Integer ac neque. Duis bibendum. Morbi non quam nec dui luctus rutrum.,177,Shoes
"Sed sagittis. Nam congue, risus semper porta volutpat, quam pede lobortis ligula, sit amet eleifend pede libero quis orci.",178,Electronics
"Pellentesque viverra pede ac diam. Cras pellentesque volutpat dui. Maecenas tristique, est et tempus semper, est quam pharetra magna, ac consequat metus sapien ut nunc.",179,Toys
"Vestibulum ante ipsum primis in faucibus orci luctus et ultrices posuere cubilia Curae; Nulla dapibus dolor vel est. Donec odio justo, sollicitudin ut, suscipit a, feugiat et, eros.",180,Beauty
Nulla suscipit ligula in lacus.,181,Sports
,182,Movies
"Mauris enim leo, rhoncus sed, vestibulum sit amet, cursus id, turpis. Integer aliquet, massa id lobortis convallis, tortor risus dapibus augue, vel accumsan tellus nisi eu orci.",183,Movies
,184,Grocery
,185,Toys
,186,Automotive
Duis aliquam convallis nunc. Proin at turpis a pede posuere nonummy.,187,Computers
,188,Baby
,189,Garden
"Vivamus metus arcu, adipiscing molestie, hendrerit at, vulputate vitae, nisl. Aenean lectus. Pellentesque eget nunc.",190,Beauty
Proin risus.,191,Music
,192,Games
,193,Garden
,194,Outdoors
Donec ut dolor.,195,Games
,196,Books
,197,Grocery
,198,Music
,199,Home
,200,Baby
,201,Kids
Nullam molestie nibh in lectus. Pellentesque at nulla. Suspendisse potenti.,202,Books
Vivamus in felis eu sapien cursus vestibulum.,203,Jewelery
,204,Shoes
,205,Games
,206,Music
"Aliquam augue quam, sollicitudin vitae, consectetuer eget, rutrum at, lorem. Integer tincidunt ante vel ipsum.",207,Jewelery
,208,Tools
,209,Shoes
In quis justo. Maecenas rhoncus aliquam lacus.,210,Automotive
Donec posuere metus vitae ipsum. Aliquam non mauris.,211,Books
,212,Kids
Nunc purus.,213,Toys
Integer ac leo. Pellentesque ultrices mattis odio.,214,Outdoors
"In hac habitasse platea dictumst. Aliquam augue quam, sollicitudin vitae, consectetuer eget, rutrum at, lorem.",215,Baby
,216,Books
,217,Computers
"Quisque erat eros, viverra eget, congue eget, semper rutrum, nulla. Nunc purus.",218,Beauty
Integer a nibh. In quis justo.,219,Electronics
,220,Music
In hac habitasse platea dictumst.,221,Computers
,222,Music
Vestibulum ante ipsum primis in faucibus orci luctus et ultrices posuere cubilia Curae; Mauris viverra diam vitae quam.,223,Grocery
,224,Outdoors
In quis justo. Maecenas rhoncus aliquam lacus. Morbi quis tortor id nulla ultrices aliquet.,225,Sports
,226,Baby
,227,Outdoors
"In hac habitasse platea dictumst. Morbi vestibulum, velit id pretium iaculis, diam erat fermentum justo, nec condimentum neque sapien placerat ante.",228,Toys
,229,Shoes
"Vivamus vestibulum sagittis sapien. Cum sociis natoque penatibus et magnis dis parturient montes, nascetur ridiculus mus. Etiam vel augue.",230,Movies
Vestibulum ante ipsum primis in faucibus orci luctus et ultrices posuere cubilia Curae; Mauris viverra diam vitae quam. Suspendisse potenti. Nullam porttitor lacus at turpis.,231,Clothing
,232,Industrial
,233,Electronics
,234,Computers
Vivamus in felis eu sapien cursus vestibulum. Proin eu mi. Nulla ac enim.,235,Industrial
Nunc purus. Phasellus in felis.,236,Kids
,237,Shoes
,238,Music
"Lorem ipsum dolor sit amet, consectetuer adipiscing elit.",239,Industrial
,240,Games
Aenean fermentum. Donec ut mauris eget massa tempor convallis.,241,Music
Sed accumsan felis.,242,Garden
Suspendisse potenti.,243,Kids
Etiam faucibus cursus urna. Ut tellus.,244,Industrial
"Vivamus vestibulum sagittis sapien. Cum sociis natoque penatibus et magnis dis parturient montes, nascetur ridiculus mus. Etiam vel augue.",245,Automotive
,246,Jewelery
,247,Home
,248,Toys
,249,Books
Suspendisse accumsan tortor quis turpis. Sed ante.,250,Garden
,251,Movies
,252,Clothing
"Vestibulum ante ipsum primis in faucibus orci luctus et ultrices posuere cubilia Curae; Nulla dapibus dolor vel est. Donec odio justo, sollicitudin ut, suscipit a, feugiat et, eros. Vestibulum ac est lacinia nisi venenatis tristique.",253,Baby
,254,Automotive
"Duis bibendum, felis sed interdum venenatis, turpis enim blandit mi, in porttitor pede justo eu massa.",255,Industrial
Vestibulum ante ipsum primis in faucibus orci luctus et ultrices posuere cubilia Curae; Duis faucibus accumsan odio. Curabitur convallis.,256,Baby
Vestibulum ante ipsum primis in faucibus orci luctus et ultrices posuere cubilia Curae; Nulla dapibus dolor vel est.,257,Industrial
,258,Health
Mauris sit amet eros. Suspendisse accumsan tortor quis turpis. Sed ante.,259,Home
,260,Industrial
,261,Automotive
Ut tellus.,262,Kids
"Vivamus metus arcu, adipiscing molestie, hendrerit at, vulputate vitae, nisl. Aenean lectus.",263,Shoes
,264,Automotive
Cras non velit nec nisi vulputate nonummy. Maecenas tincidunt lacus at velit. Vivamus vel nulla eget eros elementum pellentesque.,265,Beauty
Duis aliquam convallis nunc.,266,Music
,267,Garden
,268,Home
"Vestibulum ante ipsum primis in faucibus orci luctus et ultrices posuere cubilia Curae; Donec pharetra, magna vestibulum aliquet ultrices, erat tortor sollicitudin mi, sit amet lobortis sapien sapien non mi.",269,Jewelery
In sagittis dui vel nisl.,270,Games
Phasellus sit amet erat. Nulla tempus.,271,Health
Etiam pretium iaculis justo.,272,Jewelery
Nullam varius.,273,Tools
,274,Music
Maecenas ut massa quis augue luctus tincidunt. Nulla mollis molestie lorem.,275,Industrial
Vestibulum ante ipsum primis in faucibus orci luctus et ultrices posuere cubilia Curae; Duis faucibus accumsan odio. Curabitur convallis. Duis consequat dui nec nisi volutpat eleifend.,276,Shoes
,277,Games
,278,Kids
,279,Industrial
,280,Electronics
,281,Games
Vestibulum ante ipsum primis in faucibus orci luctus et ultrices posuere cubilia Curae; Duis faucibus accumsan odio. Curabitur convallis.,282,Garden
Donec quis orci eget orci vehicula condimentum.,283,Baby
"Nunc nisl. Duis bibendum, felis sed interdum venenatis, turpis enim blandit mi, in porttitor pede justo eu massa. Donec dapibus.",284,Movies
Morbi quis tortor id nulla ultrices aliquet.,285,Outdoors
Proin eu mi. Nulla ac enim.,286,Beauty
Nullam varius.,287,Jewelery
,288,Shoes
,289,Clothing
,290,Toys
"Curabitur in libero ut massa volutpat convallis. Morbi odio odio, elementum eu, interdum eu, tincidunt in, leo.",291,Shoes
Aenean sit amet justo. Morbi ut odio.,292,Garden
,293,Garden
Integer ac leo.,294,Books
,295,Sports
,296,Sports
"Vivamus metus arcu, adipiscing molestie, hendrerit at, vulputate vitae, nisl.",297,Music
,298,Home
,299,Grocery
,300,Health
,301,Shoes
"In hac habitasse platea dictumst. Aliquam augue quam, sollicitudin vitae, consectetuer eget, rutrum at, lorem. Integer tincidunt ante vel ipsum.",302,Beauty
Donec semper sapien a libero. Nam dui.,303,Home
Morbi non quam nec dui luctus rutrum. Nulla tellus.,304,Movies
Integer tincidunt ante vel ipsum. Praesent blandit lacinia erat. Vestibulum sed magna at nunc commodo placerat.,305,Beauty
,306,Health
,307,Toys
Integer a nibh. In quis justo.,308,Computers
Fusce posuere felis sed lacus.,309,Automotive
,310,Kids
"Maecenas tristique, est et tempus semper, est quam pharetra magna, ac consequat metus sapien ut nunc. Vestibulum ante ipsum primis in faucibus orci luctus et ultrices posuere cubilia Curae; Mauris viverra diam vitae quam.",311,Tools
Vivamus tortor. Duis mattis egestas metus.,312,Outdoors
,313,Books
"Integer pede justo, lacinia eget, tincidunt eget, tempus vel, pede.",314,Music
,315,Movies
,316,Health
,317,Jewelery
Aenean sit amet justo. Morbi ut odio.,318,Grocery
,319,Grocery
Donec dapibus.,320,Toys
Praesent blandit.,321,Beauty
,322,Clothing
"Quisque id justo sit amet sapien dignissim vestibulum. Vestibulum ante ipsum primis in faucibus orci luctus et ultrices posuere cubilia Curae; Nulla dapibus dolor vel est. Donec odio justo, sollicitudin ut, suscipit a, feugiat et, eros.",323,Home
Nulla suscipit ligula in lacus.,324,Computers
,325,Garden
,326,Toys
,327,Health
"Donec diam neque, vestibulum eget, vulputate ut, ultrices vel, augue. Vestibulum ante ipsum primis in faucibus orci luctus et ultrices posuere cubilia Curae; Donec pharetra, magna vestibulum aliquet ultrices, erat tortor sollicitudin mi, sit amet lobortis sapien sapien non mi.",328,Tools
,329,Movies
,330,Toys
,331,Music
Quisque ut erat. Curabitur gravida nisi at nibh.,332,Tools
Nulla suscipit ligula in lacus.,333,Shoes
Donec posuere metus vitae ipsum. Aliquam non mauris.,334,Sports
Maecenas tincidunt lacus at velit.,335,Toys
"Lorem ipsum dolor sit amet, consectetuer adipiscing elit. Proin interdum mauris non ligula pellentesque ultrices.",336,Computers
Suspendisse accumsan tortor quis turpis. Sed ante.,337,Computers
"Duis bibendum, felis sed interdum venenatis, turpis enim blandit mi, in porttitor pede justo eu massa.",338,Sports
"Praesent blandit. Nam nulla. Integer pede justo, lacinia eget, tincidunt eget, tempus vel, pede.",339,Home
,340,Sports
Pellentesque at nulla.,341,Baby
Ut at dolor quis odio consequat varius. Integer ac leo. Pellentesque ultrices mattis odio.,342,Kids
"In tempor, turpis nec euismod scelerisque, quam turpis adipiscing lorem, vitae mattis nibh ligula nec sem. Duis aliquam convallis nunc. Proin at turpis a pede posuere nonummy.",343,Jewelery
"Lorem ipsum dolor sit amet, consectetuer adipiscing elit.",344,Home
Praesent blandit lacinia erat. Vestibulum sed magna at nunc commodo placerat.,345,Shoes
"Fusce posuere felis sed lacus. Morbi sem mauris, laoreet ut, rhoncus aliquet, pulvinar sed, nisl.",346,Industrial
,347,Tools
"Cum sociis natoque penatibus et magnis dis parturient montes, nascetur ridiculus mus. Vivamus vestibulum sagittis sapien. Cum sociis natoque penatibus et magnis dis parturient montes, nascetur ridiculus mus.",348,Garden
,349,Books
,350,Toys
,351,Tools
,352,Toys
,353,Health
"Nunc nisl. Duis bibendum, felis sed interdum venenatis, turpis enim blandit mi, in porttitor pede justo eu massa.",354,Automotive
Donec ut dolor. Morbi vel lectus in quam fringilla rhoncus.,355,Movies
"Aenean sit amet justo. Morbi ut odio. Cras mi pede, malesuada in, imperdiet et, commodo vulputate, justo.",356,Home
Pellentesque viverra pede ac diam.,357,Automotive
"Curabitur in libero ut massa volutpat convallis. Morbi odio odio, elementum eu, interdum eu, tincidunt in, leo.",358,Movies
,359,Garden
,360,Automotive
Pellentesque viverra pede ac diam. Cras pellentesque volutpat dui.,361,Books
,362,Music
Nullam varius. Nulla facilisi. Cras non velit nec nisi vulputate nonummy.,363,Automotive
In hac habitasse platea dictumst.,364,Health
,365,Kids
,366,Beauty
In hac habitasse platea dictumst. Etiam faucibus cursus urna. Ut tellus.,367,Clothing
,368,Health
,369,Kids
Cras non velit nec nisi vulputate nonummy.,370,Books
Donec quis orci eget orci vehicula condimentum.,371,Books
"In hac habitasse platea dictumst. Aliquam augue quam, sollicitudin vitae, consectetuer eget, rutrum at, lorem.",372,Computers
Nullam porttitor lacus at turpis.,373,Baby
Nulla nisl.,374,Clothing
"Donec ut mauris eget massa tempor convallis. Nulla neque libero, convallis eget, eleifend luctus, ultricies eu, nibh.",375,Shoes
,376,Health
,377,Movies
"In est risus, auctor sed, tristique in, tempus sit amet, sem. Fusce consequat.",378,Home
In congue. Etiam justo. Etiam pretium iaculis justo.,379,Beauty
,380,Baby
,381,Garden
Donec ut dolor. Morbi vel lectus in quam fringilla rhoncus.,382,Clothing
"In hac habitasse platea dictumst. Aliquam augue quam, sollicitudin vitae, consectetuer eget, rutrum at, lorem.",383,Clothing
Vestibulum ac est lacinia nisi venenatis tristique.,384,Shoes
,385,Health
,386,Toys
"Nulla ac enim. In tempor, turpis nec euismod scelerisque, quam turpis adipiscing lorem, vitae mattis nibh ligula nec sem. Duis aliquam convallis nunc.",387,Music
,388,Computers
"Lorem ipsum dolor sit amet, consectetuer adipiscing elit. Proin interdum mauris non ligula pellentesque ultrices.",389,Toys
,390,Electronics
,391,Tools
,392,Sports
Etiam pretium iaculis justo. In hac habitasse platea dictumst.,393,Games
,394,Automotive
"Aliquam sit amet diam in magna bibendum imperdiet. Nullam orci pede, venenatis non, sodales sed, tincidunt eu, felis.",395,Industrial
,396,Home
,397,Industrial
,398,Games
,399,Toys
Pellentesque at nulla. Suspendisse potenti. Cras in purus eu magna vulputate luctus.,400,Beauty
,401,Garden
,402,Tools
,403,Home
Curabitur gravida nisi at nibh. In hac habitasse platea dictumst.,404,Toys
"Cras mi pede, malesuada in, imperdiet et, commodo vulputate, justo.",405,Home
,406,Sports
"Fusce congue, diam id ornare imperdiet, sapien urna pretium nisl, ut volutpat sapien arcu sed augue.",407,Books
,408,Garden
,409,Clothing
,410,Beauty
Praesent blandit lacinia erat. Vestibulum sed magna at nunc commodo placerat. Praesent blandit.,411,Grocery
"Cras pellentesque volutpat dui. Maecenas tristique, est et tempus semper, est quam pharetra magna, ac consequat metus sapien ut nunc.",412,Baby
"In est risus, auctor sed, tristique in, tempus sit amet, sem. Fusce consequat. Nulla nisl.",413,Kids
"Curabitur gravida nisi at nibh. In hac habitasse platea dictumst. Aliquam augue quam, sollicitudin vitae, consectetuer eget, rutrum at, lorem.",414,Garden
,415,Sports
,416,Grocery
,417,Kids
,418,Clothing
,419,Computers
,420,Clothing
Mauris sit amet eros. Suspendisse accumsan tortor quis turpis. Sed ante.,421,Jewelery
,422,Jewelery
,423,Computers
,424,Health
,425,Health
,426,Toys
,427,Grocery
Nunc purus.,428,Books
,429,Sports
,430,Jewelery
,431,Computers
Aliquam quis turpis eget elit sodales scelerisque. Mauris sit amet eros. Suspendisse accumsan tortor quis turpis.,432,Movies
Vivamus vel nulla eget eros elementum pellentesque. Quisque porta volutpat erat.,433,Automotive
"Proin leo odio, porttitor id, consequat in, consequat ut, nulla.",434,Home
,435,Movies
,436,Garden
In eleifend quam a odio.,437,Outdoors
,438,Jewelery
,439,Books
"Morbi vestibulum, velit id pretium iaculis, diam erat fermentum justo, nec condimentum neque sapien placerat ante. Nulla justo.",440,Baby
,441,Games
,442,Grocery
,443,Toys
Duis bibendum.,444,Baby
"Nam nulla. Integer pede justo, lacinia eget, tincidunt eget, tempus vel, pede. Morbi porttitor lorem id ligula.",445,Outdoors
"Phasellus id sapien in sapien iaculis congue. Vivamus metus arcu, adipiscing molestie, hendrerit at, vulputate vitae, nisl. Aenean lectus.",446,Beauty
"In hac habitasse platea dictumst. Morbi vestibulum, velit id pretium iaculis, diam erat fermentum justo, nec condimentum neque sapien placerat ante.",447,Toys
,448,Health
,449,Music
,450,Baby
,451,Home
,452,Beauty
Nulla nisl. Nunc nisl.,453,Home
,454,Outdoors
,455,Baby
,456,Toys
,457,Music
,458,Garden
,459,Beauty
Cras non velit nec nisi vulputate nonummy.,460,Games
Suspendisse potenti. Nullam porttitor lacus at turpis. Donec posuere metus vitae ipsum.,461,Health
"Morbi odio odio, elementum eu, interdum eu, tincidunt in, leo. Maecenas pulvinar lobortis est.",462,Home
Morbi vel lectus in quam fringilla rhoncus.,463,Industrial
,464,Kids
,465,Music
,466,Sports
Morbi non lectus.,467,Jewelery
,468,Clothing
Nullam porttitor lacus at turpis. Donec posuere metus vitae ipsum. Aliquam non mauris.,469,Health
Aliquam quis turpis eget elit sodales scelerisque. Mauris sit amet eros.,470,Shoes
,471,Outdoors
,472,Shoes
,473,Garden
,474,Health
,475,Automotive
"Curabitur at ipsum ac tellus semper interdum. Mauris ullamcorper purus sit amet nulla. Quisque arcu libero, rutrum ac, lobortis vel, dapibus at, diam.",476,Toys
,477,Books
Praesent id massa id nisl venenatis lacinia.,478,Toys
"Praesent lectus. Vestibulum quam sapien, varius ut, blandit non, interdum in, ante. Vestibulum ante ipsum primis in faucibus orci luctus et ultrices posuere cubilia Curae; Duis faucibus accumsan odio.",479,Sports
,480,Electronics
Nulla suscipit ligula in lacus.,481,Sports
Vivamus tortor. Duis mattis egestas metus.,482,Electronics
,483,Industrial
"Quisque arcu libero, rutrum ac, lobortis vel, dapibus at, diam. Nam tristique tortor eu pede.",484,Games
Pellentesque at nulla.,485,Tools
Maecenas tincidunt lacus at velit. Vivamus vel nulla eget eros elementum pellentesque. Quisque porta volutpat erat.,486,Shoes
Nulla ut erat id mauris vulputate elementum.,487,Beauty
,488,Clothing
,489,Electronics
Quisque ut erat.,490,Sports
Aenean fermentum.,491,Kids
,492,Garden
"Aliquam sit amet diam in magna bibendum imperdiet. Nullam orci pede, venenatis non, sodales sed, tincidunt eu, felis.",493,Outdoors
Vestibulum ante ipsum primis in faucibus orci luctus et ultrices posuere cubilia Curae; Mauris viverra diam vitae quam.,494,Sports
,495,Outdoors
,496,Toys
Duis bibendum. Morbi non quam nec dui luctus rutrum. Nulla tellus.,497,Toys
"Morbi quis tortor id nulla ultrices aliquet. Maecenas leo odio, condimentum id, luctus nec, molestie sed, justo. Pellentesque viverra pede ac diam.",498,Music
"Cum sociis natoque penatibus et magnis dis parturient montes, nascetur ridiculus mus.",499,Home
,500,Tools
,501,Beauty
Donec dapibus.,502,Shoes
Quisque ut erat. Curabitur gravida nisi at nibh.,503,Movies
,504,Music
Morbi porttitor lorem id ligula.,505,Music
,506,Movies
Quisque id justo sit amet sapien dignissim vestibulum. Vestibulum ante ipsum primis in faucibus orci luctus et ultrices posuere cubilia Curae; Nulla dapibus dolor vel est.,507,Grocery
,508,Industrial
Integer a nibh. In quis justo.,509,Computers
,510,Electronics
"Suspendisse ornare consequat lectus. In est risus, auctor sed, tristique in, tempus sit amet, sem.",511,Jewelery
"Lorem ipsum dolor sit amet, consectetuer adipiscing elit. Proin interdum mauris non ligula pellentesque ultrices.",512,Clothing
,513,Grocery
"Fusce congue, diam id ornare imperdiet, sapien urna pretium nisl, ut volutpat sapien arcu sed augue. Aliquam erat volutpat.",514,Outdoors
"Praesent lectus. Vestibulum quam sapien, varius ut, blandit non, interdum in, ante.",515,Toys
Duis bibendum.,516,Grocery
Vivamus tortor. Duis mattis egestas metus.,517,Jewelery
Praesent id massa id nisl venenatis lacinia.,518,Outdoors
,519,Industrial
,520,Toys
"Duis bibendum, felis sed interdum venenatis, turpis enim blandit mi, in porttitor pede justo eu massa. Donec dapibus.",521,Books
In eleifend quam a odio. In hac habitasse platea dictumst.,522,Tools
,523,Outdoors
,524,Industrial
,525,Home
,526,Electronics
"Nunc rhoncus dui vel sem. Sed sagittis. Nam congue, risus semper porta volutpat, quam pede lobortis ligula, sit amet eleifend pede libero quis orci.",527,Beauty
Morbi ut odio.,528,Baby
Aliquam erat volutpat. In congue. Etiam justo.,529,Computers
"Lorem ipsum dolor sit amet, consectetuer adipiscing elit. Proin risus.",530,Industrial
"Donec semper sapien a libero. Nam dui. Proin leo odio, porttitor id, consequat in, consequat ut, nulla.",531,Outdoors
,532,Grocery
Mauris lacinia sapien quis libero. Nullam sit amet turpis elementum ligula vehicula consequat. Morbi a ipsum.,533,Movies
"Nulla ac enim. In tempor, turpis nec euismod scelerisque, quam turpis adipiscing lorem, vitae mattis nibh ligula nec sem. Duis aliquam convallis nunc.",534,Automotive
Maecenas tincidunt lacus at velit.,535,Health
,536,Jewelery
,537,Jewelery
Mauris sit amet eros. Suspendisse accumsan tortor quis turpis.,538,Sports
,539,Music
"Proin leo odio, porttitor id, consequat in, consequat ut, nulla. Sed accumsan felis.",540,Music
,541,Automotive
"Donec quis orci eget orci vehicula condimentum. Curabitur in libero ut massa volutpat convallis. Morbi odio odio, elementum eu, interdum eu, tincidunt in, leo.",542,Kids
Suspendisse potenti. In eleifend quam a odio.,543,Outdoors
Vivamus vel nulla eget eros elementum pellentesque.,544,Electronics
,545,Industrial
,546,Health
Vivamus in felis eu sapien cursus vestibulum. Proin eu mi. Nulla ac enim.,547,Home
,548,Automotive
,549,Kids
Suspendisse accumsan tortor quis turpis. Sed ante. Vivamus tortor.,550,Books
,551,Computers
,552,Grocery
Integer a nibh. In quis justo.,553,Garden
,554,Music
Sed accumsan felis.,555,Beauty
,556,Beauty
,557,Garden
Donec ut dolor.,558,Beauty
,559,Sports
Nulla tempus. Vivamus in felis eu sapien cursus vestibulum. Proin eu mi.,560,Baby
,561,Shoes
"Vestibulum quam sapien, varius ut, blandit non, interdum in, ante.",562,Movies
,563,Beauty
,564,Music
Mauris lacinia sapien quis libero. Nullam sit amet turpis elementum ligula vehicula consequat. Morbi a ipsum.,565,Tools
"Nulla nisl. Nunc nisl. Duis bibendum, felis sed interdum venenatis, turpis enim blandit mi, in porttitor pede justo eu massa.",566,Health
Donec posuere metus vitae ipsum.,567,Grocery
Duis consequat dui nec nisi volutpat eleifend.,568,Books
"Nunc nisl. Duis bibendum, felis sed interdum venenatis, turpis enim blandit mi, in porttitor pede justo eu massa. Donec dapibus.",569,Tools
,570,Baby
,571,Shoes
,572,Clothing
,573,Clothing
Donec dapibus. Duis at velit eu est congue elementum.,574,Garden
"Proin interdum mauris non ligula pellentesque ultrices. Phasellus id sapien in sapien iaculis congue. Vivamus metus arcu, adipiscing molestie, hendrerit at, vulputate vitae, nisl.",575,Jewelery
"Proin leo odio, porttitor id, consequat in, consequat ut, nulla.",576,Industrial
Fusce consequat. Nulla nisl.,577,Home
Duis ac nibh.,578,Health
,579,Toys
,580,Jewelery
Donec vitae nisi.,581,Movies
In sagittis dui vel nisl.,582,Garden
Cras pellentesque volutpat dui.,583,Games
,584,Toys
Maecenas rhoncus aliquam lacus. Morbi quis tortor id nulla ultrices aliquet.,585,Home
"Aliquam augue quam, sollicitudin vitae, consectetuer eget, rutrum at, lorem.",586,Automotive
,587,Health
Duis aliquam convallis nunc. Proin at turpis a pede posuere nonummy.,588,Jewelery
,589,Baby
,590,Home
Curabitur gravida nisi at nibh. In hac habitasse platea dictumst.,591,Baby
Suspendisse accumsan tortor quis turpis. Sed ante.,592,Toys
Curabitur convallis.,593,Health
,594,Movies
Nullam porttitor lacus at turpis.,595,Jewelery
,596,Outdoors
Aliquam non mauris. Morbi non lectus.,597,Grocery
Cras in purus eu magna vulputate luctus.,598,Health
Nam dui.,599,Music
"Quisque erat eros, viverra eget, congue eget, semper rutrum, nulla.",600,Sports
Integer tincidunt ante vel ipsum.,601,Clothing
,602,Grocery
,603,Toys
,604,Clothing
"Proin eu mi. Nulla ac enim. In tempor, turpis nec euismod scelerisque, quam turpis adipiscing lorem, vitae mattis nibh ligula nec sem.",605,Home
In congue. Etiam justo.,606,Health
,607,Games
Nullam porttitor lacus at turpis. Donec posuere metus vitae ipsum.,608,Jewelery
Aenean sit amet justo.,609,Grocery
,610,Sports
Morbi porttitor lorem id ligula. Suspendisse ornare consequat lectus.,611,Tools
"Fusce posuere felis sed lacus. Morbi sem mauris, laoreet ut, rhoncus aliquet, pulvinar sed, nisl. Nunc rhoncus dui vel sem.",612,Beauty
,613,Kids
Mauris sit amet eros. Suspendisse accumsan tortor quis turpis.,614,Toys
Nulla tellus. In sagittis dui vel nisl.,615,Tools
Integer tincidunt ante vel ipsum. Praesent blandit lacinia erat. Vestibulum sed magna at nunc commodo placerat.,616,Clothing
"Donec odio justo, sollicitudin ut, suscipit a, feugiat et, eros. Vestibulum ac est lacinia nisi venenatis tristique.",617,Music
,618,Electronics
,619,Clothing
,620,Outdoors
,621,Beauty
,622,Kids
"Suspendisse ornare consequat lectus. In est risus, auctor sed, tristique in, tempus sit amet, sem.",623,Baby
,624,Movies
Duis aliquam convallis nunc. Proin at turpis a pede posuere nonummy.,625,Shoes
,626,Grocery
Phasellus sit amet erat.,627,Sports
,628,Jewelery
Integer tincidunt ante vel ipsum. Praesent blandit lacinia erat.,629,Sports
Curabitur gravida nisi at nibh. In hac habitasse platea dictumst.,630,Books
"Phasellus id sapien in sapien iaculis congue. Vivamus metus arcu, adipiscing molestie, hendrerit at, vulputate vitae, nisl. Aenean lectus.",631,Books
,632,Health
,633,Shoes
"Fusce congue, diam id ornare imperdiet, sapien urna pretium nisl, ut volutpat sapien arcu sed augue. Aliquam erat volutpat.",634,Clothing
,635,Electronics
,636,Electronics
"Praesent lectus. Vestibulum quam sapien, varius ut, blandit non, interdum in, ante.",637,Movies
Vestibulum ante ipsum primis in faucibus orci luctus et ultrices posuere cubilia Curae; Duis faucibus accumsan odio.,638,Clothing
"Cras mi pede, malesuada in, imperdiet et, commodo vulputate, justo. In blandit ultrices enim.",639,Industrial
"Lorem ipsum dolor sit amet, consectetuer adipiscing elit. Proin risus. Praesent lectus.",640,Toys
"Praesent lectus. Vestibulum quam sapien, varius ut, blandit non, interdum in, ante.",641,Industrial
,642,Health
,643,Computers
"Nam ultrices, libero non mattis pulvinar, nulla pede ullamcorper augue, a suscipit nulla elit ac nulla. Sed vel enim sit amet nunc viverra dapibus.",644,Beauty
Etiam vel augue. Vestibulum rutrum rutrum neque.,645,Tools
,646,Sports
Phasellus in felis. Donec semper sapien a libero. Nam dui.,647,Garden
,648,Computers
Curabitur convallis.,649,Outdoors
,650,Movies
Maecenas tincidunt lacus at velit. Vivamus vel nulla eget eros elementum pellentesque.,651,Beauty
Integer ac leo. Pellentesque ultrices mattis odio. Donec vitae nisi.,652,Music
"Fusce lacus purus, aliquet at, feugiat non, pretium quis, lectus. Suspendisse potenti.",653,Industrial
,654,Health
Aliquam quis turpis eget elit sodales scelerisque. Mauris sit amet eros.,655,Clothing
Phasellus in felis. Donec semper sapien a libero. Nam dui.,656,Jewelery
,657,Industrial
,658,Outdoors
Phasellus sit amet erat. Nulla tempus.,659,Toys
"Duis bibendum, felis sed interdum venenatis, turpis enim blandit mi, in porttitor pede justo eu massa. Donec dapibus. Duis at velit eu est congue elementum.",660,Computers
,661,Kids
,662,Computers
Nulla tempus. Vivamus in felis eu sapien cursus vestibulum.,663,Baby
,664,Books
"In tempor, turpis nec euismod scelerisque, quam turpis adipiscing lorem, vitae mattis nibh ligula nec sem. Duis aliquam convallis nunc.",665,Jewelery
Donec semper sapien a libero. Nam dui.,666,Health
"In tempor, turpis nec euismod scelerisque, quam turpis adipiscing lorem, vitae mattis nibh ligula nec sem. Duis aliquam convallis nunc. Proin at turpis a pede posuere nonummy.",667,Garden
Praesent lectus.,668,Home
,669,Sports
"Morbi vel lectus in quam fringilla rhoncus. Mauris enim leo, rhoncus sed, vestibulum sit amet, cursus id, turpis. Integer aliquet, massa id lobortis convallis, tortor risus dapibus augue, vel accumsan tellus nisi eu orci.",670,Music
"Vestibulum ante ipsum primis in faucibus orci luctus et ultrices posuere cubilia Curae; Donec pharetra, magna vestibulum aliquet ultrices, erat tortor sollicitudin mi, sit amet lobortis sapien sapien non mi. Integer ac neque. Duis bibendum.",671,Baby
Nulla suscipit ligula in lacus. Curabitur at ipsum ac tellus semper interdum.,672,Books
,673,Jewelery
Morbi non quam nec dui luctus rutrum. Nulla tellus.,674,Garden
Nulla suscipit ligula in lacus.,675,Jewelery
,676,Baby
Aliquam quis turpis eget elit sodales scelerisque. Mauris sit amet eros. Suspendisse accumsan tortor quis turpis.,677,Garden
,678,Kids
,679,Electronics
"Suspendisse potenti. Cras in purus eu magna vulputate luctus. Cum sociis natoque penatibus et magnis dis parturient montes, nascetur ridiculus mus.",680,Grocery
,681,Baby
,682,Toys
,683,Tools
,684,Electronics
,685,Books
,686,Garden
,687,Grocery
"Mauris ullamcorper purus sit amet nulla. Quisque arcu libero, rutrum ac, lobortis vel, dapibus at, diam. Nam tristique tortor eu pede.",688,Movies
,689,Outdoors
,690,Kids
,691,Electronics
,692,Computers
Maecenas pulvinar lobortis est. Phasellus sit amet erat.,693,Home
,694,Baby
"Maecenas tristique, est et tempus semper, est quam pharetra magna, ac consequat metus sapien ut nunc.",695,Health
,696,Jewelery
"Duis bibendum, felis sed interdum venenatis, turpis enim blandit mi, in porttitor pede justo eu massa. Donec dapibus.",697,Sports
,698,Kids
,699,Outdoors
,700,Outdoors
,701,Shoes
Nullam sit amet turpis elementum ligula vehicula consequat.,702,Kids
Mauris lacinia sapien quis libero. Nullam sit amet turpis elementum ligula vehicula consequat. Morbi a ipsum.,703,Music
,704,Tools
,705,Games
"Fusce congue, diam id ornare imperdiet, sapien urna pretium nisl, ut volutpat sapien arcu sed augue.",706,Garden
"Quisque arcu libero, rutrum ac, lobortis vel, dapibus at, diam.",707,Outdoors
Nullam varius. Nulla facilisi.,708,Sports
,709,Movies
,710,Automotive
,711,Kids
"Vestibulum quam sapien, varius ut, blandit non, interdum in, ante. Vestibulum ante ipsum primis in faucibus orci luctus et ultrices posuere cubilia Curae; Duis faucibus accumsan odio. Curabitur convallis.",712,Shoes
,713,Books
"Quisque erat eros, viverra eget, congue eget, semper rutrum, nulla. Nunc purus. Phasellus in felis.",714,Books
Quisque id justo sit amet sapien dignissim vestibulum. Vestibulum ante ipsum primis in faucibus orci luctus et ultrices posuere cubilia Curae; Nulla dapibus dolor vel est.,715,Music
,716,Grocery
,717,Kids
,718,Beauty
,719,Sports
Integer ac leo. Pellentesque ultrices mattis odio.,720,Health
,721,Toys
,722,Shoes
,723,Health
,724,Health
Duis ac nibh.,725,Computers
,726,Jewelery
,727,Movies
,728,Games
,729,Clothing
"Donec semper sapien a libero. Nam dui. Proin leo odio, porttitor id, consequat in, consequat ut, nulla.",730,Home
Nunc purus.,731,Sports
,732,Computers
,733,Home
Vestibulum sed magna at nunc commodo placerat.,734,Movies
,735,Shoes
,736,Grocery
,737,Home
"Vestibulum quam sapien, varius ut, blandit non, interdum in, ante. Vestibulum ante ipsum primis in faucibus orci luctus et ultrices posuere cubilia Curae; Duis faucibus accumsan odio.",738,Grocery
,739,Outdoors
Proin eu mi. Nulla ac enim.,740,Garden
Vivamus vel nulla eget eros elementum pellentesque.,741,Home
Nullam sit amet turpis elementum ligula vehicula consequat.,742,Shoes
Integer tincidunt ante vel ipsum. Praesent blandit lacinia erat. Vestibulum sed magna at nunc commodo placerat.,743,Grocery
,744,Computers
,745,Industrial
,746,Health
,747,Toys
,748,Games
,749,Movies
Nunc rhoncus dui vel sem. Sed sagittis.,750,Garden
Duis mattis egestas metus. Aenean fermentum. Donec ut mauris eget massa tempor convallis.,751,Health
,752,Automotive
Duis consequat dui nec nisi volutpat eleifend. Donec ut dolor.,753,Outdoors
"Proin leo odio, porttitor id, consequat in, consequat ut, nulla.",754,Computers
Vestibulum ante ipsum primis in faucibus orci luctus et ultrices posuere cubilia Curae; Mauris viverra diam vitae quam. Suspendisse potenti. Nullam porttitor lacus at turpis.,755,Baby
,756,Movies
"Lorem ipsum dolor sit amet, consectetuer adipiscing elit. Proin risus. Praesent lectus.",757,Tools
"Integer non velit. Donec diam neque, vestibulum eget, vulputate ut, ultrices vel, augue.",758,Shoes
"Proin leo odio, porttitor id, consequat in, consequat ut, nulla. Sed accumsan felis.",759,Electronics
,760,Electronics
,761,Computers
,762,Electronics
"Fusce posuere felis sed lacus. Morbi sem mauris, laoreet ut, rhoncus aliquet, pulvinar sed, nisl.",763,Shoes
"Aliquam augue quam, sollicitudin vitae, consectetuer eget, rutrum at, lorem. Integer tincidunt ante vel ipsum.",764,Computers
Integer ac leo.,765,Games
Aliquam quis turpis eget elit sodales scelerisque. Mauris sit amet eros. Suspendisse accumsan tortor quis turpis.,766,Garden
,767,Clothing
,768,Garden
Suspendisse accumsan tortor quis turpis. Sed ante. Vivamus tortor.,769,Electronics
"Quisque arcu libero, rutrum ac, lobortis vel, dapibus at, diam. Nam tristique tortor eu pede.",770,Music
"Donec semper sapien a libero. Nam dui. Proin leo odio, porttitor id, consequat in, consequat ut, nulla.",771,Automotive
Aliquam quis turpis eget elit sodales scelerisque. Mauris sit amet eros. Suspendisse accumsan tortor quis turpis.,772,Music
,773,Books
,774,Kids
In sagittis dui vel nisl. Duis ac nibh.,775,Automotive
Vestibulum rutrum rutrum neque. Aenean auctor gravida sem.,776,Kids
,777,Grocery
,778,Tools
Donec posuere metus vitae ipsum. Aliquam non mauris. Morbi non lectus.,779,Sports
"Phasellus id sapien in sapien iaculis congue. Vivamus metus arcu, adipiscing molestie, hendrerit at, vulputate vitae, nisl.",780,Grocery
"In sagittis dui vel nisl. Duis ac nibh. Fusce lacus purus, aliquet at, feugiat non, pretium quis, lectus.",781,Beauty
,782,Electronics
Praesent blandit lacinia erat. Vestibulum sed magna at nunc commodo placerat.,783,Sports
,784,Tools
,785,Toys
,786,Clothing
,787,Industrial
,788,Outdoors
,789,Shoes
,790,Books
,791,Home
,792,Computers
Nulla tempus.,793,Shoes
Ut at dolor quis odio consequat varius. Integer ac leo. Pellentesque ultrices mattis odio.,794,Jewelery
,795,Clothing
"Vestibulum quam sapien, varius ut, blandit non, interdum in, ante. Vestibulum ante ipsum primis in faucibus orci luctus et ultrices posuere cubilia Curae; Duis faucibus accumsan odio. Curabitur convallis.",796,Health
,797,Computers
Ut tellus.,798,Shoes
,799,Music
Nulla suscipit ligula in lacus. Curabitur at ipsum ac tellus semper interdum.,800,Movies
Maecenas pulvinar lobortis est.,801,Grocery
"Vestibulum ante ipsum primis in faucibus orci luctus et ultrices posuere cubilia Curae; Donec pharetra, magna vestibulum aliquet ultrices, erat tortor sollicitudin mi, sit amet lobortis sapien sapien non mi. Integer ac neque. Duis bibendum.",802,Home
"Quisque porta volutpat erat. Quisque erat eros, viverra eget, congue eget, semper rutrum, nulla.",803,Beauty
,804,Garden
,805,Books
,806,Baby
Praesent lectus.,807,Automotive
Vestibulum ante ipsum primis in faucibus orci luctus et ultrices posuere cubilia Curae; Duis faucibus accumsan odio. Curabitur convallis. Duis consequat dui nec nisi volutpat eleifend.,808,Computers
Aliquam quis turpis eget elit sodales scelerisque. Mauris sit amet eros. Suspendisse accumsan tortor quis turpis.,809,Music
"In est risus, auctor sed, tristique in, tempus sit amet, sem.",810,Movies
,811,Computers
,812,Home
"Donec quis orci eget orci vehicula condimentum. Curabitur in libero ut massa volutpat convallis. Morbi odio odio, elementum eu, interdum eu, tincidunt in, leo.",813,Shoes
,814,Grocery
,815,Tools
Cras non velit nec nisi vulputate nonummy.,816,Jewelery
"Vestibulum quam sapien, varius ut, blandit non, interdum in, ante. Vestibulum ante ipsum primis in faucibus orci luctus et ultrices posuere cubilia Curae; Duis faucibus accumsan odio. Curabitur convallis.",817,Movies
"Nulla nisl. Nunc nisl. Duis bibendum, felis sed interdum venenatis, turpis enim blandit mi, in porttitor pede justo eu massa.",818,Games
"Vestibulum ante ipsum primis in faucibus orci luctus et ultrices posuere cubilia Curae; Donec pharetra, magna vestibulum aliquet ultrices, erat tortor sollicitudin mi, sit amet lobortis sapien sapien non mi. Integer ac neque. Duis bibendum.",819,Jewelery
"In sagittis dui vel nisl. Duis ac nibh. Fusce lacus purus, aliquet at, feugiat non, pretium quis, lectus.",820,Tools
"Suspendisse ornare consequat lectus. In est risus, auctor sed, tristique in, tempus sit amet, sem. Fusce consequat.",821,Shoes
,822,Movies
,823,Tools
,824,Books
,825,Kids
,826,Outdoors
"Curabitur at ipsum ac tellus semper interdum. Mauris ullamcorper purus sit amet nulla. Quisque arcu libero, rutrum ac, lobortis vel, dapibus at, diam.",827,Computers
Vivamus tortor. Duis mattis egestas metus. Aenean fermentum.,828,Garden
Morbi a ipsum. Integer a nibh. In quis justo.,829,Jewelery
In quis justo. Maecenas rhoncus aliquam lacus.,830,Games
,831,Home
,832,Music
Vivamus tortor. Duis mattis egestas metus.,833,Outdoors
,834,Health
,835,Shoes
,836,Shoes
"Maecenas tristique, est et tempus semper, est quam pharetra magna, ac consequat metus sapien ut nunc. Vestibulum ante ipsum primis in faucibus orci luctus et ultrices posuere cubilia Curae; Mauris viverra diam vitae quam. Suspendisse potenti.",837,Toys
Pellentesque eget nunc. Donec quis orci eget orci vehicula condimentum.,838,Movies
Phasellus in felis. Donec semper sapien a libero. Nam dui.,839,Beauty
,840,Tools
,841,Baby
,842,Outdoors
,843,Sports
,844,Electronics
"Lorem ipsum dolor sit amet, consectetuer adipiscing elit.",845,Tools
In eleifend quam a odio. In hac habitasse platea dictumst. Maecenas ut massa quis augue luctus tincidunt.,846,Jewelery
,847,Electronics
,848,Electronics
"Morbi sem mauris, laoreet ut, rhoncus aliquet, pulvinar sed, nisl. Nunc rhoncus dui vel sem.",849,Books
,850,Beauty
"Vestibulum ante ipsum primis in faucibus orci luctus et ultrices posuere cubilia Curae; Donec pharetra, magna vestibulum aliquet ultrices, erat tortor sollicitudin mi, sit amet lobortis sapien sapien non mi. Integer ac neque.",851,Grocery
,852,Health
,853,Industrial
,854,Sports
"Maecenas rhoncus aliquam lacus. Morbi quis tortor id nulla ultrices aliquet. Maecenas leo odio, condimentum id, luctus nec, molestie sed, justo.",855,Beauty
Integer non velit.,856,Tools
,857,Computers
,858,Outdoors
,859,Health
,860,Jewelery
Etiam vel augue. Vestibulum rutrum rutrum neque.,861,Jewelery
,862,Movies
,863,Sports
,864,Outdoors
,865,Automotive
,866,Books
,867,Beauty
"Maecenas tristique, est et tempus semper, est quam pharetra magna, ac consequat metus sapien ut nunc. Vestibulum ante ipsum primis in faucibus orci luctus et ultrices posuere cubilia Curae; Mauris viverra diam vitae quam.",868,Automotive
,869,Automotive
,870,Baby
,871,Kids
,872,Health
,873,Beauty
,874,Computers
Nulla justo.,875,Home
Sed vel enim sit amet nunc viverra dapibus. Nulla suscipit ligula in lacus.,876,Computers
"Cum sociis natoque penatibus et magnis dis parturient montes, nascetur ridiculus mus. Etiam vel augue. Vestibulum rutrum rutrum neque.",877,Health
,878,Games
,879,Music
,880,Automotive
Suspendisse potenti. Cras in purus eu magna vulputate luctus.,881,Home
,882,Automotive
,883,Computers
Etiam justo. Etiam pretium iaculis justo. In hac habitasse platea dictumst.,884,Music
Sed vel enim sit amet nunc viverra dapibus. Nulla suscipit ligula in lacus.,885,Clothing
,886,Tools
,887,Tools
,888,Sports
Duis aliquam convallis nunc. Proin at turpis a pede posuere nonummy.,889,Electronics
,890,Industrial
,891,Outdoors
Curabitur convallis. Duis consequat dui nec nisi volutpat eleifend. Donec ut dolor.,892,Home
,893,Computers
,894,Garden
"Praesent lectus. Vestibulum quam sapien, varius ut, blandit non, interdum in, ante. Vestibulum ante ipsum primis in faucibus orci luctus et ultrices posuere cubilia Curae; Duis faucibus accumsan odio.",895,Movies
,896,Jewelery
,897,Baby
,898,Health
,899,Automotive
"Phasellus id sapien in sapien iaculis congue. Vivamus metus arcu, adipiscing molestie, hendrerit at, vulputate vitae, nisl. Aenean lectus.",900,Games
,901,Electronics
"Morbi vel lectus in quam fringilla rhoncus. Mauris enim leo, rhoncus sed, vestibulum sit amet, cursus id, turpis. Integer aliquet, massa id lobortis convallis, tortor risus dapibus augue, vel accumsan tellus nisi eu orci.",902,Electronics
Fusce consequat. Nulla nisl.,903,Shoes
Aenean lectus.,904,Beauty
,905,Jewelery
,906,Clothing
Duis mattis egestas metus.,907,Garden
Vivamus in felis eu sapien cursus vestibulum. Proin eu mi. Nulla ac enim.,908,Music
"Integer pede justo, lacinia eget, tincidunt eget, tempus vel, pede. Morbi porttitor lorem id ligula.",909,Automotive
,910,Shoes
,911,Sports
"Maecenas tristique, est et tempus semper, est quam pharetra magna, ac consequat metus sapien ut nunc. Vestibulum ante ipsum primis in faucibus orci luctus et ultrices posuere cubilia Curae; Mauris viverra diam vitae quam. Suspendisse potenti.",912,Sports
,913,Shoes
Integer a nibh. In quis justo. Maecenas rhoncus aliquam lacus.,914,Clothing
,915,Music
,916,Clothing
,917,Clothing
Pellentesque at nulla. Suspendisse potenti. Cras in purus eu magna vulputate luctus.,918,Beauty
,919,Toys
"Donec diam neque, vestibulum eget, vulputate ut, ultrices vel, augue.",920,Toys
,921,Sports
"Quisque porta volutpat erat. Quisque erat eros, viverra eget, congue eget, semper rutrum, nulla.",922,Beauty
,923,Books
In hac habitasse platea dictumst.,924,Outdoors
,925,Music
"Curabitur gravida nisi at nibh. In hac habitasse platea dictumst. Aliquam augue quam, sollicitudin vitae, consectetuer eget, rutrum at, lorem.",926,Outdoors
"Fusce lacus purus, aliquet at, feugiat non, pretium quis, lectus.",927,Automotive
,928,Garden
Nulla suscipit ligula in lacus. Curabitur at ipsum ac tellus semper interdum. Mauris ullamcorper purus sit amet nulla.,929,Health
,930,Games
Vivamus tortor.,931,Electronics
,932,Electronics
,933,Baby
,934,Jewelery
,935,Baby
Pellentesque eget nunc.,936,Music
,937,Baby
,938,Home
Aliquam sit amet diam in magna bibendum imperdiet.,939,Beauty
"In est risus, auctor sed, tristique in, tempus sit amet, sem. Fusce consequat. Nulla nisl.",940,Toys
In blandit ultrices enim.,941,Sports
Suspendisse potenti. Nullam porttitor lacus at turpis.,942,Toys
,943,Movies
,944,Baby
,945,Beauty
"Nam dui. Proin leo odio, porttitor id, consequat in, consequat ut, nulla. Sed accumsan felis.",946,Music
,947,Clothing
,948,Jewelery
,949,Jewelery
,950,Shoes
,951,Sports
,952,Beauty
In congue.,953,Books
,954,Books
,955,Toys
,956,Kids
Nam nulla.,957,Music
,958,Home
,959,Health
,960,Grocery
,961,Shoes
,962,Toys
Cras non velit nec nisi vulputate nonummy.,963,Toys
,964,Outdoors
"Vestibulum ante ipsum primis in faucibus orci luctus et ultrices posuere cubilia Curae; Nulla dapibus dolor vel est. Donec odio justo, sollicitudin ut, suscipit a, feugiat et, eros. Vestibulum ac est lacinia nisi venenatis tristique.",965,Home
,966,Music
,967,Music
,968,Garden
,969,Movies
Praesent blandit.,970,Music
,971,Games
,972,Games
,973,Outdoors
Vestibulum ante ipsum primis in faucibus orci luctus et ultrices posuere cubilia Curae; Mauris viverra diam vitae quam. Suspendisse potenti. Nullam porttitor lacus at turpis.,974,Music
"Integer pede justo, lacinia eget, tincidunt eget, tempus vel, pede. Morbi porttitor lorem id ligula. Suspendisse ornare consequat lectus.",975,Beauty
,976,Shoes
,977,Grocery
"Integer pede justo, lacinia eget, tincidunt eget, tempus vel, pede. Morbi porttitor lorem id ligula. Suspendisse ornare consequat lectus.",978,Automotive
Maecenas pulvinar lobortis est.,979,Electronics
Maecenas pulvinar lobortis est.,980,Games
,981,Garden
Nulla mollis molestie lorem. Quisque ut erat. Curabitur gravida nisi at nibh.,982,Garden
,983,Baby
"Morbi vel lectus in quam fringilla rhoncus. Mauris enim leo, rhoncus sed, vestibulum sit amet, cursus id, turpis. Integer aliquet, massa id lobortis convallis, tortor risus dapibus augue, vel accumsan tellus nisi eu orci.",984,Movies
,985,Clothing
"Donec odio justo, sollicitudin ut, suscipit a, feugiat et, eros. Vestibulum ac est lacinia nisi venenatis tristique. Fusce congue, diam id ornare imperdiet, sapien urna pretium nisl, ut volutpat sapien arcu sed augue.",986,Books
"Quisque porta volutpat erat. Quisque erat eros, viverra eget, congue eget, semper rutrum, nulla. Nunc purus.",987,Shoes
Nullam sit amet turpis elementum ligula vehicula consequat. Morbi a ipsum. Integer a nibh.,988,Books
Vestibulum ante ipsum primis in faucibus orci luctus et ultrices posuere cubilia Curae; Duis faucibus accumsan odio. Curabitur convallis. Duis consequat dui nec nisi volutpat eleifend.,989,Music
,990,Shoes
Pellentesque ultrices mattis odio. Donec vitae nisi.,991,Sports
,992,Jewelery
Vestibulum ac est lacinia nisi venenatis tristique.,993,Clothing
"Donec odio justo, sollicitudin ut, suscipit a, feugiat et, eros.",994,Beauty
,995,Games
Etiam vel augue. Vestibulum rutrum rutrum neque. Aenean auctor gravida sem.,996,Movies
"Aliquam augue quam, sollicitudin vitae, consectetuer eget, rutrum at, lorem. Integer tincidunt ante vel ipsum.",997,Tools
,998,Beauty
,999,Garden
,1000,Automotive
