cedula,nombre,rolUniandino
1,Nerti Dalman,Director of Sales
2,Regen Islip,VP Accounting
3,Lothaire Wyd,Nuclear Power Engineer
4,Dario Reitenbach,Account Coordinator
5,Parsifal Saylor,Statistician III
6,Justin Skeffington,Administrative Assistant I
7,Gladys Hobson,Graphic Designer
8,Christoffer Kaes,Design Engineer
9,Amelita Ranscombe,Environmental Tech
10,Sheryl Benasik,Accountant I
11,Mahmud Damrel,Biostatistician II
12,Berna Duckett,Systems Administrator II
13,Mattie Gibbard,Electrical Engineer
14,Mauricio Olenchenko,Recruiting Manager
15,Ive Becket,Administrative Officer
16,Rodrique Anning,Database Administrator III
17,Lavina Robard,Associate Professor
18,Mollee Conochie,Executive Secretary
19,Kiley Curtiss,Pharmacist
20,Wynn Burnip,Quality Engineer
21,Carolyne Kesten,Financial Advisor
22,Artus Birts,Senior Cost Accountant
23,Terri-jo Robecon,Executive Secretary
24,Rana Twatt,Junior Executive
25,Gertrud Erley,Assistant Media Planner
26,Des Plessing,Help Desk Operator
27,Cord Johantges,Assistant Manager
28,Iain Gildea,Desktop Support Technician
29,Tiertza Dootson,Tax Accountant
30,Golda Paridge,Human Resources Assistant I
31,Don Gordge,Payment Adjustment Coordinator
32,Isis Ivankov,Assistant Professor
33,Star Spurr,Accounting Assistant IV
34,Munroe Quincee,Account Executive
35,Samantha Gouthier,VP Marketing
36,Hayyim Lympenie,Programmer Analyst III
37,Cinda Copsey,Mechanical Systems Engineer
38,Malcolm Geindre,Librarian
39,Sharai Medlicott,Marketing Assistant
40,Freddy Woodyeare,Human Resources Assistant II
41,Alexina Headford,Human Resources Assistant III
42,Lilian Schaffler,Associate Professor
43,Aida Popworth,Cost Accountant
44,Say Bernardoux,Electrical Engineer
45,Marlie Auchterlony,Nurse Practicioner
46,Prince Claworth,Engineer IV
47,Loise Doxey,Registered Nurse
48,Suzie Bowdery,Internal Auditor
49,Armando Stradling,VP Sales
50,Gaylord Knowlson,Geologist II
51,Devonna Kupec,Geological Engineer
52,Cherie Whelband,Help Desk Operator
53,Zebedee Chalmers,Assistant Media Planner
54,Gabbie Simkin,Quality Engineer
55,Anstice Fidler,Staff Scientist
56,Chandal MacGibbon,Desktop Support Technician
57,Lynea Ramsbottom,Staff Scientist
58,Ingaberg Skoate,Community Outreach Specialist
59,Ginger Rymer,Community Outreach Specialist
60,Sawyer Threader,Executive Secretary
61,Fransisco Longrigg,Account Representative IV
62,Phylis McInteer,Financial Analyst
63,Miof mela Carville,Senior Cost Accountant
64,Cameron Dewi,Community Outreach Specialist
65,Sophia Norcross,Civil Engineer
66,Ailina Barttrum,Research Nurse
67,Gayle Ormond,Product Engineer
68,Siffre Rowston,Computer Systems Analyst I
69,Gothart Godar,Account Coordinator
70,Devlen Casaletto,Assistant Manager
71,Somerset McEllen,Librarian
72,Ashlen McCluney,Senior Cost Accountant
73,Nanci Skeates,Assistant Media Planner
74,Sigismund Jakubovicz,Nurse
75,Dugald Charity,Registered Nurse
76,Job Harfoot,Actuary
77,Eberhard Winborn,Account Coordinator
78,Corbet Eidler,Electrical Engineer
79,Bryan Wolfenden,Technical Writer
80,Moyna Roycraft,Account Representative III
81,Darb Iseton,Help Desk Technician
82,Bernete Staddart,Community Outreach Specialist
83,Latisha Vokes,Nurse Practicioner
84,Kathe Klee,Biostatistician I
85,Fara Rayworth,Physical Therapy Assistant
86,Shayla Bonfield,Internal Auditor
87,Maggie Pyffe,Technical Writer
88,Fax Jentle,Media Manager III
89,Kari Bezley,Desktop Support Technician
90,Krystyna Motion,Editor
91,Jacquelynn Seer,Speech Pathologist
92,Willyt Salamon,Financial Advisor
93,Carter Eason,Business Systems Development Analyst
94,Virgilio Souch,Design Engineer
95,Jaquith Sara,Pharmacist
96,Ervin Corona,Civil Engineer
97,Conny Tanswill,Electrical Engineer
98,Torre Rankine,Data Coordiator
99,Myron Dabs,Librarian
100,Titus Outibridge,Financial Analyst
101,Abdul Swane,Editor
102,Erinn Goodsall,General Manager
103,Michaeline Giannoni,Data Coordiator
104,Dame Fortnum,Project Manager
105,Bianca Cunio,Help Desk Technician
106,Brandy Durling,Administrative Officer
107,Ailyn Akhurst,Quality Control Specialist
108,Karel Tzuker,Product Engineer
109,Xaviera Sacco,Human Resources Assistant IV
110,Artur Zammett,Design Engineer
111,Godfree Poinsett,Administrative Assistant III
112,Electra Beldham,VP Product Management
113,Bellina Shuttle,VP Sales
114,Donny Naish,Compensation Analyst
115,Cullen Inglesent,Senior Financial Analyst
116,Jobye Lorence,Business Systems Development Analyst
117,Karena Cuxson,Compensation Analyst
118,Stefan Gant,Human Resources Manager
119,Benedikta Huff,Database Administrator I
120,Howie Maron,Environmental Specialist
121,Jami McLennan,Physical Therapy Assistant
122,Harley Allridge,Physical Therapy Assistant
123,Mateo Saladino,Health Coach IV
124,Reeva Eykelbosch,Help Desk Operator
125,Nobe Livoir,Senior Financial Analyst
126,Austen Kopec,Nurse Practicioner
127,Caroline Caillou,Assistant Media Planner
128,Elsi Egle of Germany,Environmental Tech
129,Nissy Goslin,Project Manager
130,Jasmin Poytress,Software Test Engineer I
131,Vachel Godthaab,Compensation Analyst
132,Kittie Baldetti,Desktop Support Technician
133,Arvie Simonsson,Senior Quality Engineer
134,Sylvester Onions,VP Sales
135,Harlin Grinham,Computer Systems Analyst I
136,Tracey Hutton,Recruiter
137,Alissa Vidloc,Dental Hygienist
138,Goldy Overstall,Nurse
139,Selia Smidmor,Professor
140,Nona Brugsma,Legal Assistant
141,Rawley Fishley,Technical Writer
142,Stormie Pepperell,Speech Pathologist
143,Huey Jervois,Junior Executive
144,Loria Van der Mark,VP Accounting
145,Burtie Boustead,Human Resources Manager
146,Ericha Pawnsford,Payment Adjustment Coordinator
147,Drugi Drinkwater,Geological Engineer
148,Abraham Fold,Computer Systems Analyst III
149,Cecilla Cess,Business Systems Development Analyst
150,Kilian Atyea,Engineer III
151,Gabi Linkie,Structural Analysis Engineer
152,Gigi Siege,Administrative Assistant II
153,Bruis Tonbridge,Staff Scientist
154,Hakeem Corlett,Senior Cost Accountant
155,Madge Alderwick,Internal Auditor
156,Nico Hastin,Research Nurse
157,Adria Irnis,Editor
158,Daune Blucher,Budget/Accounting Analyst II
159,Michel Kuzemka,Electrical Engineer
160,Jillane Brumby,Account Executive
161,Jena Stanborough,Help Desk Technician
162,Lyndsay Altamirano,Senior Developer
163,Merridie Cartwright,Assistant Media Planner
164,Sherill Tregale,Budget/Accounting Analyst I
165,Baxter Arghent,Internal Auditor
166,Karalynn Luparto,Professor
167,Nessie Paulus,Engineer IV
168,Hale Horche,Quality Control Specialist
169,Gwenny Roake,Chief Design Engineer
170,Petronilla Partlett,GIS Technical Architect
171,Taylor Coleridge,Assistant Manager
172,Shana Anglish,Recruiting Manager
173,Pancho Kofax,Senior Editor
174,Perceval Stracey,Accountant II
175,Marillin Gower,Dental Hygienist
176,Lizzy Joberne,Occupational Therapist
177,Elsworth Wolseley,Automation Specialist IV
178,Chas Andrin,Automation Specialist III
179,Micheil Dury,Design Engineer
180,Norby Costerd,Marketing Manager
181,Elihu Andreu,Administrative Officer
182,Kariotta Twelve,Teacher
183,Othilia Tallow,Office Assistant I
184,Katherina Zanni,Programmer Analyst I
185,Hinda Ambrogini,Quality Engineer
186,Janelle Sinkin,Assistant Manager
187,Kenny Tuxwell,Structural Engineer
188,Barton Houseman,Quality Control Specialist
189,Emmalyn Jolliff,GIS Technical Architect
190,Wolfgang Pawel,Civil Engineer
191,Reed Sambath,Registered Nurse
192,Jabez Koeppke,Web Designer I
193,Gabrielle Versey,Research Assistant IV
194,Hettie Peploe,Project Manager
195,Vanda Rylance,Chief Design Engineer
196,Sissie Tomaskov,Occupational Therapist
197,Ursala Wetherill,Nurse
198,Corenda Gaitskell,Operator
199,Carson Patty,Senior Developer
200,Berte Follit,Budget/Accounting Analyst III
201,Zsa zsa Clutterbuck,Programmer IV
202,Claus Josowitz,Payment Adjustment Coordinator
203,Eugenia Gloyens,Account Executive
204,Livvie Melby,Safety Technician II
205,Kelley Vears,Senior Quality Engineer
206,Deedee Wawer,Desktop Support Technician
207,Candis Casellas,Recruiting Manager
208,Dion Bolley,Web Developer IV
209,Lavina William,VP Marketing
210,Dyna Grisenthwaite,Graphic Designer
211,Robinette Devoy,Help Desk Operator
212,Bram Vial,Dental Hygienist
213,Herve Yu,General Manager
214,Jarrod Tonge,Accounting Assistant IV
215,Lisha Duthie,Legal Assistant
216,Alyce Benoy,VP Quality Control
217,Aretha Sesons,Assistant Professor
218,Marys Mapp,Assistant Manager
219,Jesse Jachimczak,Administrative Officer
220,Maude Brownstein,Social Worker
221,Kirk Kerswill,Engineer I
222,Micki Rushmare,Nuclear Power Engineer
223,Margarethe Scolts,Recruiter
224,Moll Landrean,Physical Therapy Assistant
225,Lynna Sackler,Electrical Engineer
226,Goober Muldoon,Human Resources Assistant IV
227,Odelia Lowles,Senior Quality Engineer
228,Benny Spours,Software Test Engineer I
229,Leeland Tootin,Staff Accountant II
230,Haywood Reames,Software Test Engineer II
231,Loretta Pleasants,Executive Secretary
232,Claudelle Crookshanks,Senior Editor
233,Holmes Massingham,Information Systems Manager
234,Trumaine Gostyke,Payment Adjustment Coordinator
235,Roanne Poyle,Paralegal
236,Milzie Von Der Empten,Quality Engineer
237,Bancroft Aspell,Statistician III
238,Gretal Chalcroft,Senior Sales Associate
239,Korrie Schubart,Staff Scientist
240,Pennie Filpo,Health Coach III
241,Romy Janoschek,Software Engineer II
242,Quinn Whye,General Manager
243,Judas Commusso,Research Nurse
244,Gracie Lepere,General Manager
245,Perri Dyers,Nuclear Power Engineer
246,Piotr Gaucher,Office Assistant II
247,Trudy Bellocht,Senior Editor
248,Filberte Shields,Data Coordiator
249,Linzy Lehrer,Account Representative III
250,Shaylynn Heeney,Quality Engineer
251,Corabel Milhench,Internal Auditor
252,Toby Ruffy,Developer IV
253,Jae Pinwill,Physical Therapy Assistant
254,Sophey Fucher,Account Representative I
255,Thedric Paulmann,Physical Therapy Assistant
256,Lorette Paulich,Computer Systems Analyst IV
257,Tobit Simnett,General Manager
258,Velma Bagshawe,Executive Secretary
259,Sean Ollive,Actuary
260,Kipper Pilbeam,Analog Circuit Design manager
261,Monty Beek,Analyst Programmer
262,Patrizio Balle,Developer III
263,Giralda Scoggan,Statistician IV
264,Judy Prys,Occupational Therapist
265,Carey Carswell,Recruiting Manager
266,Ada O'Dea,Engineer IV
267,Bryn Fisbburne,Community Outreach Specialist
268,Avictor Fauning,Editor
269,Sibylle McGarel,Human Resources Assistant I
270,Skelly Simchenko,Director of Sales
271,Juanita Ingliby,Sales Associate
272,Toiboid Meltetal,Account Coordinator
273,Tracie Fowlie,Dental Hygienist
274,Jard Trethowan,Recruiter
275,Berkley Whisson,General Manager
276,Ericka Snell,Recruiter
277,Zia Palfreman,Product Engineer
278,Kalindi Halwill,General Manager
279,Daisey Crumbleholme,Payment Adjustment Coordinator
280,Brigid Budd,Product Engineer
281,Zelda Jaksic,Human Resources Assistant II
282,Ced Tumbelty,Occupational Therapist
283,Bobby Battson,Compensation Analyst
284,Hilary Rimour,Biostatistician III
285,Kristoffer Wiltshear,Financial Advisor
286,Anna-maria Lorroway,GIS Technical Architect
287,Lynsey Biddulph,Recruiting Manager
288,Yvor Janczyk,Engineer I
289,Ermanno Pynner,Media Manager IV
290,Flor Lavery,Systems Administrator I
291,Riva Attawell,Engineer II
292,Gael Breacher,Developer II
293,Quintus Trahear,Geologist I
294,Bil Mallabon,Computer Systems Analyst II
295,Barron Hanbridge,Geological Engineer
296,Ingemar MacLaren,Software Consultant
297,Karney Ensten,Database Administrator I
298,Mason Gorvin,Senior Financial Analyst
299,Marja Morling,Software Consultant
300,Annabelle Pioli,Senior Cost Accountant
301,Howey Bolte,Accounting Assistant III
302,Drud MacMaykin,Engineer II
303,Gerome McGunley,VP Marketing
304,Rebekah Barstow,Chief Design Engineer
305,Hilly Pollen,Community Outreach Specialist
306,Leia Gainsborough,Geological Engineer
307,Maye Luchelli,Media Manager II
308,Lurette Dulany,Marketing Manager
309,Axe Learman,Web Designer I
310,Michaella Dockreay,Human Resources Assistant IV
311,Moina Wedmore,Speech Pathologist
312,Brantley Slamaker,Programmer III
313,Stevy Ferreiro,Software Engineer IV
314,Hyacinthe Torrie,Internal Auditor
315,Kaitlin Killik,Food Chemist
316,Gabe Adolf,Data Coordiator
317,Filberte Abramowitch,Speech Pathologist
318,Lovell McKyrrelly,Desktop Support Technician
319,Kurt Kilius,Actuary
320,Cheri Gosnold,Staff Accountant II
321,Shea Birdis,Media Manager I
322,Barnard Vedstra,Cost Accountant
323,Wheeler Kirsche,Software Consultant
324,Chet Edensor,Analog Circuit Design manager
325,Emera Laviss,Executive Secretary
326,Pavel Shurmore,Senior Quality Engineer
327,Joanie Routham,Software Engineer II
328,Jenda Sorbey,Senior Sales Associate
329,Garrot Sandercock,VP Marketing
330,Corty Oels,Product Engineer
331,Dido Mapstone,Product Engineer
332,Randi Hinrichsen,Senior Quality Engineer
333,Hanni Bowdidge,Civil Engineer
334,Mariel Shimwall,Senior Cost Accountant
335,Phyllys Ludl,Registered Nurse
336,Livy Takis,Health Coach III
337,Athene Schwieso,Human Resources Manager
338,Jakob Davidson,Accountant IV
339,Dane O'Cleary,Editor
340,Hannis Tuting,Recruiter
341,Trudy Paolozzi,Information Systems Manager
342,Denice Carillo,Registered Nurse
343,Russell McRory,Geological Engineer
344,Gay Gribble,Project Manager
345,Bobette Freeth,Health Coach III
346,Sid Browse,Analog Circuit Design manager
347,Chris Stigger,VP Accounting
348,Dulcia Schwand,Statistician I
349,Lorenza Langeren,Programmer Analyst II
350,Ryann Squirrell,Health Coach IV
351,Dalton Devany,Electrical Engineer
352,Eleonora Deerr,Financial Analyst
353,Tiphany Lamburne,Office Assistant III
354,Hedi Gaitley,Help Desk Operator
355,Edie Suggate,Software Consultant
356,Penelopa Braycotton,Help Desk Operator
357,Oralia Pistol,Engineer I
358,Miran Spurryer,Recruiting Manager
359,Alano McPhillimey,Account Executive
360,Earvin Togher,Occupational Therapist
361,Yardley Elcox,VP Accounting
362,Udell Rockliffe,Software Engineer II
363,Celle Steagall,Software Test Engineer III
364,Loni Harrod,Chemical Engineer
365,Lacee Bruggeman,Financial Analyst
366,April Berger,VP Marketing
367,Breena Foxwell,Statistician IV
368,Darda Zuanelli,Nuclear Power Engineer
369,Nataline Spivie,Social Worker
370,Gino McGarry,Senior Quality Engineer
371,Ches Swatridge,Software Test Engineer IV
372,Byron Cripps,Operator
373,Ortensia Bircher,Cost Accountant
374,Janaye Sentinella,Administrative Officer
375,Cindelyn Sheer,Web Designer III
376,Francois Kuhlmey,Systems Administrator III
377,Chariot Measen,VP Accounting
378,Julie Pitcock,Quality Engineer
379,Adrien Erskin,Computer Systems Analyst III
380,Lira Rankcom,Executive Secretary
381,Abdul Oen,Associate Professor
382,Jeane Jardein,Financial Advisor
383,Daria Greeveson,Environmental Specialist
384,Caz Cristofori,Web Designer IV
385,Alix Giblin,Help Desk Technician
386,Heywood Babbs,Librarian
387,Melicent Warlowe,Engineer IV
388,Ardelle Commucci,Media Manager II
389,Lila Curson,Human Resources Assistant II
390,Anne-marie McPhilemy,Media Manager I
391,Elmore Faithorn,General Manager
392,Clare Brocklesby,Automation Specialist III
393,Paxton Corsar,Paralegal
394,Onfroi Spurriar,Senior Developer
395,Dalli Kensall,Mechanical Systems Engineer
396,Helga Struis,Pharmacist
397,Cyrillus Shilliday,VP Accounting
398,Trip Redhead,Recruiter
399,Pen Staunton,Staff Scientist
400,Danny Evitt,Senior Sales Associate
401,Fons Hubball,Recruiting Manager
402,Mord McLeoid,Product Engineer
403,Nap Archdeckne,Associate Professor
404,Buckie Strood,Tax Accountant
405,Kara Dailey,Business Systems Development Analyst
406,Ab Coats,Biostatistician IV
407,Steven Conner,Assistant Media Planner
408,Eartha Duligall,Product Engineer
409,Marnia Chable,Nurse
410,Helena Terbrugge,Senior Sales Associate
411,Nicolea Spires,Administrative Assistant IV
412,Coleen Duffil,Software Engineer III
413,Shem Parslow,Research Assistant IV
414,Moshe Hrachovec,Legal Assistant
415,Amby Chisman,Chemical Engineer
416,Toby Slocket,Accountant IV
417,Jemmie O'Brogan,Health Coach IV
418,Josefina Geram,Assistant Professor
419,Josh Jobbings,Software Engineer III
420,Cyrill Warden,VP Quality Control
421,Marjorie Stut,Account Coordinator
422,Freddy Brood,Help Desk Operator
423,Gertruda Symms,Environmental Tech
424,Gus Devennie,Product Engineer
425,Terrence Garretts,Associate Professor
426,Aeriela Dradey,Business Systems Development Analyst
427,Amble Birckmann,Quality Engineer
428,Ondrea Boreland,Budget/Accounting Analyst II
429,Angela Trussell,Recruiter
430,Angelita Tithecote,Sales Representative
431,Heather Foch,Environmental Tech
432,Owen Roft,Web Developer IV
433,Iorgos Muffen,Graphic Designer
434,Gardner Gorvin,Internal Auditor
435,Luce Prestie,Marketing Manager
436,Ellyn Albury,Programmer Analyst III
437,Waldemar Woloschin,Account Representative IV
438,Carolann McLaggan,Occupational Therapist
439,Eula Reddihough,Environmental Specialist
440,Ellsworth McReedy,Software Consultant
441,Elaina Rhead,Programmer III
442,Aubree Gergler,Account Coordinator
443,Herbert Teanby,Account Executive
444,Garrett Filinkov,Librarian
445,Dani Menezes,Information Systems Manager
446,Nial Hall,Internal Auditor
447,Agathe O'Scandall,Chemical Engineer
448,Kari Mifflin,Registered Nurse
449,Orbadiah Willbourne,Quality Control Specialist
450,Alonso Walbrun,Assistant Manager
451,Rickard Meiklejohn,Help Desk Technician
452,Frans Pharaoh,Chemical Engineer
453,Dinah Vallens,Budget/Accounting Analyst II
454,Kimmi Shankle,Assistant Media Planner
455,Sherline Szach,Senior Developer
456,Rhoda Evesque,Recruiter
457,Billie Scates,Staff Scientist
458,Lew Alcott,Nurse Practicioner
459,Pancho Lavarack,Research Assistant IV
460,Opalina Ladson,Data Coordiator
461,Judi Gillimgham,Social Worker
462,Evy Easterbrook,Structural Analysis Engineer
463,Regan Lente,Help Desk Technician
464,Rebekah Blaxton,Engineer III
465,Wynn Beuscher,Librarian
466,Blinny Bramo,Software Engineer II
467,Natalina Mixhel,Social Worker
468,Fayette Pogg,Research Nurse
469,Elvis Piatto,VP Marketing
470,Deina Hinsch,Software Engineer II
471,Lisle Leverson,Design Engineer
472,Bendicty Brandin,Desktop Support Technician
473,Janessa Scriver,Mechanical Systems Engineer
474,Basilio Rupprecht,Help Desk Technician
475,Kari Marriage,Senior Sales Associate
476,Jillene Body,Data Coordiator
477,Glen Monkman,Human Resources Manager
478,Maible Blazhevich,Developer III
479,Hamish Randleson,Senior Editor
480,Quent Lemin,Budget/Accounting Analyst I
481,Christel Piggin,Assistant Manager
482,Lillis Roston,Technical Writer
483,Jo-anne Dat,VP Accounting
484,Denver Astling,Accounting Assistant II
485,Berty Giffen,Librarian
486,Kittie Sharpley,Human Resources Manager
487,Cris Bedminster,Programmer Analyst II
488,Alaine Lobley,Social Worker
489,Muffin Woodrooffe,Senior Financial Analyst
490,Ezmeralda Jahan,Assistant Media Planner
491,Nefen Duhig,Statistician IV
492,Trudi Peerman,GIS Technical Architect
493,Kala Rambaut,Internal Auditor
494,Shayne Mara,Automation Specialist II
495,Mable Boadby,Help Desk Operator
496,Diandra Strelitzki,Research Associate
497,Thornton Rylance,Senior Cost Accountant
498,Tricia Espadater,Structural Analysis Engineer
499,Analiese Derle,Structural Analysis Engineer
500,Janenna Woodgate,Professor
501,Eldredge Demcik,Sales Associate
502,Gennie Hambling,Assistant Professor
503,Sabrina Mathelon,Junior Executive
504,Collen Fagg,VP Accounting
505,Lynette Willmot,Marketing Assistant
506,Tamara Lornsen,Senior Developer
507,Brucie Craker,Internal Auditor
508,Asher Learman,Civil Engineer
509,Suki Roke,Information Systems Manager
510,Madalena Vicker,Research Assistant I
511,Marven Goligly,Accountant IV
512,Camila Handmore,Geological Engineer
513,Aloysius Franzoli,Office Assistant II
514,Clementine Preist,Food Chemist
515,Gabi Grzeszczak,Account Coordinator
516,Bree Foxen,Senior Cost Accountant
517,Zechariah Boreland,Health Coach I
518,Karia Snartt,Health Coach I
519,Ernesta Isaacson,Nuclear Power Engineer
520,Claudian Betun,Senior Cost Accountant
521,Georgy Haddow,Recruiting Manager
522,Jennica Hanhart,Research Associate
523,Candis Belmont,Database Administrator I
524,West Gilman,Civil Engineer
525,Cookie Bevis,Tax Accountant
526,Ty Woolacott,Staff Scientist
527,Caddric Mary,Human Resources Manager
528,Melania Varvell,Account Executive
529,Hershel McTurley,Office Assistant III
530,Yorgo Martinovsky,Help Desk Technician
531,Marylou Randales,Professor
532,Major McMychem,VP Marketing
533,Arda McChesney,Software Test Engineer III
534,Rolando Belfit,Information Systems Manager
535,Gualterio Savege,Operator
536,Angel Rosingdall,Computer Systems Analyst I
537,Paige Dykins,Programmer Analyst IV
538,Hew Yakubov,Financial Advisor
539,Ardenia Keeves,Assistant Manager
540,Burton Hardwick,Sales Associate
541,Elie Gherarducci,Accounting Assistant II
542,Fawn Issatt,Senior Developer
543,Waylon Roon,VP Quality Control
544,Colby Pentin,Food Chemist
545,Sigmund Jaggard,Assistant Professor
546,Clark Braybrook,Librarian
547,Aharon Kenright,Budget/Accounting Analyst II
548,Colby Pynn,Geologist IV
549,Skippy Diess,Editor
550,Clark Schimann,VP Sales
551,Hart McBrier,Software Consultant
552,Karylin Wisden,Senior Quality Engineer
553,Sarita Bullion,Speech Pathologist
554,Faydra Dukesbury,Financial Advisor
555,May Avrahamov,VP Accounting
556,Leshia Bagwell,Staff Accountant III
557,Anton Stanlack,Chemical Engineer
558,Rose Steely,Sales Representative
559,Elnore Mussard,Chemical Engineer
560,Wendall McSkin,Senior Editor
561,Nadine Milkins,Geological Engineer
562,Davey Radeliffe,Senior Cost Accountant
563,Ken Dobkin,Compensation Analyst
564,Kane Minchella,Civil Engineer
565,Marion Landal,Media Manager I
566,Hettie Wilton,Geological Engineer
567,Dalston Masselin,Web Developer III
568,Hannie Skellen,Account Executive
569,Janel Fender,VP Quality Control
570,Carling Attwood,VP Product Management
571,Melodie Baudi,Geologist III
572,Clovis Koba,Account Representative IV
573,Kyrstin Dargan,Administrative Assistant IV
574,Pincus Brodley,Associate Professor
575,Claudina Camlin,Senior Developer
576,Brigham Heynel,Budget/Accounting Analyst I
577,Sheffy Bagenal,Community Outreach Specialist
578,Nickie Triplet,Food Chemist
579,Cort Armitage,VP Sales
580,Conny Lots,Developer III
581,Colline Gabe,Food Chemist
582,Othella Edwards,VP Marketing
583,Ruperto Heis,Programmer II
584,Orel Guilliland,Registered Nurse
585,Jenni Kubacek,Social Worker
586,Berton Roseborough,Administrative Officer
587,Bendite Franzonello,Associate Professor
588,Brendan Madle,Operator
589,Trip Gipps,Safety Technician III
590,Marti Humbee,Programmer I
591,Marci Silmon,Environmental Tech
592,Devlin Dufoure,Database Administrator IV
593,Normand Malpass,Actuary
594,Drusi Matuszinski,Dental Hygienist
595,Ambrosio Tunsley,Marketing Assistant
596,Raychel Hedworth,Cost Accountant
597,Cecilius Milbourne,VP Quality Control
598,Viviene Reimer,Help Desk Technician
599,Marthena Mulbery,Design Engineer
600,Claudian Leggon,Quality Control Specialist
601,Boot Zannetti,Data Coordiator
602,Rawley Ghost,Biostatistician I
603,Garfield Pllu,Engineer IV
604,Janel Hentzer,Biostatistician IV
605,Viviana Freckleton,VP Product Management
606,Cathrine McKenna,Director of Sales
607,Georgina Motto,Software Engineer I
608,Dorie Serjeantson,Geological Engineer
609,Justen Zapater,Help Desk Operator
610,Rozamond Le Monnier,Administrative Officer
611,Leta Macvey,Registered Nurse
612,Brion Mayo,Chemical Engineer
613,Audra Geharke,Junior Executive
614,Peadar Hrishchenko,Data Coordiator
615,Inness Humbie,Senior Editor
616,Billy Giorgetti,Environmental Specialist
617,Oralia Dudman,Electrical Engineer
618,Chaddie Ace,Senior Editor
619,Cull Arens,Civil Engineer
620,Mirabelle Swayne,Human Resources Assistant IV
621,Ware Crellim,Account Executive
622,Reine Glewe,Physical Therapy Assistant
623,Sorcha Burgiss,Analog Circuit Design manager
624,Lavina Barehead,Sales Associate
625,Ellie Detloff,Quality Engineer
626,Tobey Ravenscroftt,GIS Technical Architect
627,Goraud Winteringham,Analog Circuit Design manager
628,Dolli Swinn,Food Chemist
629,Kerr Tavinor,Research Nurse
630,Aldous Grene,Help Desk Operator
631,Sadye Garry,Desktop Support Technician
632,Jori Starkie,Project Manager
633,Deidre Anneslie,Dental Hygienist
634,Verne Ramalho,Environmental Tech
635,Josiah Ryam,Health Coach III
636,Robinetta Van der Hoeven,Help Desk Operator
637,Heinrik McPeake,Staff Accountant II
638,Weston Say,VP Quality Control
639,Jill Blamires,VP Accounting
640,Micheal Harford,Engineer III
641,Dina Stimson,Desktop Support Technician
642,Zsa zsa Brownsill,GIS Technical Architect
643,Ossie Isham,Information Systems Manager
644,Archy Hebblewhite,Physical Therapy Assistant
645,Doloritas Bubbings,Sales Associate
646,Krystle Abbitt,Accountant II
647,Mohandas Gianasi,Recruiter
648,Betti Wilden,Account Executive
649,Catharina Dorrington,VP Sales
650,Caitrin Kamenar,GIS Technical Architect
651,Robbie Yuryev,Assistant Manager
652,Almeda Logan,Graphic Designer
653,Nicolas Poolton,Clinical Specialist
654,Evangeline Waby,Pharmacist
655,Chanda Plowman,Recruiting Manager
656,Dacy Gladtbach,Operator
657,Irv Hartin,Staff Accountant I
658,Glynis Feechan,Clinical Specialist
659,Dannie MacNeill,Environmental Tech
660,Fawnia Masselin,Senior Developer
661,Clovis Lomasna,Mechanical Systems Engineer
662,Skye Finch,Help Desk Technician
663,Ellsworth Limeburner,Payment Adjustment Coordinator
664,Dotty Manifield,Chief Design Engineer
665,Corbet Gailor,Community Outreach Specialist
666,Lewes Eldridge,Software Engineer I
667,Franky Hargraves,Senior Editor
668,Jamima Minnock,Chief Design Engineer
669,Daniela Trees,Research Associate
670,Valina Amyes,Food Chemist
671,Dee dee Ashard,Mechanical Systems Engineer
672,Mayor Naton,Senior Cost Accountant
673,Francis Tuiller,Assistant Media Planner
674,Merell De Paepe,Chemical Engineer
675,Baron Steaning,Database Administrator I
676,Luke Tremelling,Safety Technician I
677,Tonye Lidgett,Associate Professor
678,Pauli Finnis,Electrical Engineer
679,Borden Shoebridge,Senior Cost Accountant
680,Tabbie Fehners,Librarian
681,Monti Burn,Structural Analysis Engineer
682,Gay Edon,Programmer I
683,Lennie Tebbs,Social Worker
684,Annnora Purry,VP Sales
685,Cesya Bunny,Assistant Professor
686,Udall Herreros,Chemical Engineer
687,Dave Brimicombe,Director of Sales
688,Thorin Petrol,Safety Technician IV
689,Jard Zylberdik,Geological Engineer
690,Brod MacCarlich,Project Manager
691,Gwennie Di Meo,Senior Cost Accountant
692,Amalita Dominey,Structural Analysis Engineer
693,Lucias Graveston,Automation Specialist IV
694,Cele Elson,Design Engineer
695,Huberto Doulton,Safety Technician III
696,Andy McComish,Accountant III
697,Traver Newlan,Nurse Practicioner
698,Teddi Accomb,Sales Representative
699,Ferdinande Flaune,VP Accounting
700,Nola Doman,Budget/Accounting Analyst IV
701,Lorri Slaney,Desktop Support Technician
702,Albertina Colbert,Software Consultant
703,Hildagarde Labeuil,Budget/Accounting Analyst IV
704,Bevin Arling,Tax Accountant
705,Sherlock Wankel,Legal Assistant
706,Emmey Scutching,Automation Specialist III
707,Cullen De Mitri,Chemical Engineer
708,Hamlen Dreelan,Tax Accountant
709,Janeczka Shillito,Software Test Engineer II
710,Libbey Spaughton,Sales Representative
711,Amelie Selliman,Senior Developer
712,Sherline Pervew,Payment Adjustment Coordinator
713,Jolene Larmet,Paralegal
714,Donalt Fuzzey,General Manager
715,Dorri Dyde,Systems Administrator III
716,Leo Kilday,Mechanical Systems Engineer
717,Giulio Greenin,Assistant Manager
718,Sunshine Woodfine,Social Worker
719,Wallie Moysey,Programmer Analyst I
720,Horst Sapwell,Data Coordiator
721,Arline Gillian,Legal Assistant
722,Mallory Grane,Chief Design Engineer
723,Koenraad Piesing,Dental Hygienist
724,Archer Parramore,Research Nurse
725,Raoul Giddings,Teacher
726,Gerek Curdell,Geological Engineer
727,Sasha Creagh,Senior Financial Analyst
728,Amye Carass,Staff Accountant III
729,Carol-jean Schaben,Senior Cost Accountant
730,Alain Szymaniak,Cost Accountant
731,Patsy Geistbeck,Geologist II
732,Gael Vineall,Accountant I
733,Bette Josofovitz,Human Resources Manager
734,Cortney Gronav,Information Systems Manager
735,Lavinia Sive,Design Engineer
736,Ursulina Devorill,Paralegal
737,Arlin Ransfield,Professor
738,Arlene Morales,Technical Writer
739,Stephani Matus,VP Marketing
740,Sherrie Barron,Marketing Manager
741,Yvonne Brittan,Pharmacist
742,Boyd Signore,Marketing Assistant
743,Rolph Portwaine,Research Nurse
744,Maggie Otto,Assistant Professor
745,Susanetta Gagie,Actuary
746,Eilis Terbrugge,Research Assistant II
747,Leandra Bariball,Accountant III
748,Grover MacDonogh,Editor
749,Anette Beeston,Tax Accountant
750,Sal Mully,Physical Therapy Assistant
751,Aaron Coulthard,Analyst Programmer
752,Luella Dimitresco,VP Quality Control
753,Carma Radloff,Technical Writer
754,Maxy Greatham,Computer Systems Analyst III
755,Nani Kybird,Structural Engineer
756,Andra Northern,Analyst Programmer
757,Beck Wetherburn,Account Executive
758,Rand Yeo,Database Administrator III
759,Vicky Issakov,Registered Nurse
760,Cly Lamlin,Senior Sales Associate
761,Clyve Blurton,Technical Writer
762,Batsheva Snaden,VP Marketing
763,Corri Leethem,Actuary
764,Evie Beldham,Web Designer IV
765,Demetris Sholl,Web Designer II
766,Carine Wilmut,Technical Writer
767,Norris Prior,Registered Nurse
768,Thacher Brikner,Physical Therapy Assistant
769,Normie Svanetti,Systems Administrator I
770,Greg Connal,Software Test Engineer I
771,Vaughn Rodell,Technical Writer
772,Rozele Spinozzi,Financial Advisor
773,Garek Cardenas,Compensation Analyst
774,Rhodie Benning,Senior Cost Accountant
775,Phillipp McKibbin,Account Executive
776,L;urette Blabber,Chemical Engineer
777,Isabella Lawson,Graphic Designer
778,Sabra Loffel,Senior Editor
779,Desiree Rudland,VP Sales
780,Tobe Pymm,Analyst Programmer
781,Horace Kurtis,Account Executive
782,Fan Kording,Paralegal
783,Nicky Leither,Research Nurse
784,Blakelee Blazeby,Project Manager
785,Lotti Wittrington,Administrative Officer
786,Rey Laville,Payment Adjustment Coordinator
787,Baldwin Brychan,Computer Systems Analyst III
788,Delphinia Martignon,Dental Hygienist
789,Amity Havard,Engineer III
790,Deana McKitterick,Senior Quality Engineer
791,Finlay Aloway,Senior Financial Analyst
792,Linnea Fulkes,Legal Assistant
793,Flo Maddocks,Pharmacist
794,Ruddy Hanmore,Nurse
795,Arch Shuttleworth,Software Consultant
796,Nappie Bogies,Product Engineer
797,Merrick Pride,Financial Analyst
798,Latashia Robilart,Occupational Therapist
799,Stefanie Skull,Structural Engineer
800,Con Altoft,Cost Accountant
801,Delmor Haston,Quality Engineer
802,Reggy Lowde,Dental Hygienist
803,Willem MacNeill,Structural Analysis Engineer
804,Davey Phizaclea,Internal Auditor
805,Karyn Asel,Assistant Professor
806,Addie Stranger,Administrative Assistant IV
807,Padgett Varley,Financial Analyst
808,Calli Walby,Environmental Specialist
809,Kelcy Urian,Pharmacist
810,Dallis Ochiltree,Environmental Tech
811,Dorian Hick,Graphic Designer
812,Tanitansy Licence,Product Engineer
813,Brinna Oades,Associate Professor
814,Grady Lezemore,Quality Control Specialist
815,Marty Tullett,Associate Professor
816,Lay Owens,Web Designer III
817,Patrice Casford,Help Desk Technician
818,Ellynn Roast,Systems Administrator IV
819,Sherwynd Halls,Marketing Manager
820,Brittaney Ogilvie,Assistant Professor
821,Sascha Bilson,VP Quality Control
822,Kellen Haydon,Assistant Manager
823,Randolf Davidek,Nuclear Power Engineer
824,Paulie Ferentz,Account Executive
825,Adelind Dubs,Office Assistant I
826,Carroll McCroary,Software Consultant
827,Dorree Magson,Executive Secretary
828,Billy Samwayes,Help Desk Operator
829,Ettie Dillingston,Nurse
830,Skell Grob,Executive Secretary
831,Rutledge Moodie,Junior Executive
832,Chrisse Shevels,VP Quality Control
833,Freeman Handrek,Professor
834,Jean Jesteco,Software Consultant
835,Agata Frisel,Account Executive
836,Barbey Templman,Database Administrator IV
837,Llywellyn Yanele,Data Coordiator
838,Viv Ivashchenko,Recruiter
839,Corilla Rillett,Senior Cost Accountant
840,Filia Gummary,Health Coach II
841,Shandeigh Marousek,VP Accounting
842,Eugen Coggins,Structural Analysis Engineer
843,Latia Nowakowska,VP Marketing
844,Elsworth Glave,VP Marketing
845,Trixie Hemmingway,Human Resources Assistant IV
846,Cesare Roughan,Desktop Support Technician
847,Drusilla Sessuns,Community Outreach Specialist
848,Brandyn Serginson,Social Worker
849,Iolanthe Reinert,Software Engineer IV
850,Douglass Smewings,Research Nurse
851,Giff Legen,Database Administrator IV
852,Sela Stratz,General Manager
853,Nolana Trobey,Physical Therapy Assistant
854,Violante Malyj,Executive Secretary
855,Ronna Tuffin,Quality Engineer
856,Fawnia Lobb,Design Engineer
857,Marta Gobert,Research Associate
858,Corrianne Reglar,Desktop Support Technician
859,Baxie Perroni,Director of Sales
860,Marna Manhare,Marketing Assistant
861,Kermie Glaves,Environmental Specialist
862,Doti Drinkale,Senior Developer
863,Martie Jeanin,Physical Therapy Assistant
864,Shamus Hallstone,Software Engineer IV
865,Tibold Merrisson,Legal Assistant
866,Allan Raitie,Analyst Programmer
867,Fania Tremellan,Health Coach IV
868,Paulie Kebbell,Community Outreach Specialist
869,Bond Tock,Administrative Officer
870,Xylia Albery,Research Nurse
871,Jaclyn Larn,Budget/Accounting Analyst I
872,Torrence Tsarovic,VP Product Management
873,Vlad Bartozzi,Database Administrator IV
874,Micaela Gawith,Operator
875,Justus Lording,Speech Pathologist
876,Ailina Severwright,General Manager
877,Shermie Spenton,Quality Engineer
878,Madalyn Musk,Sales Representative
879,Gannon Frill,Human Resources Manager
880,Granville Methingam,Biostatistician II
881,Gavan Siflet,Chemical Engineer
882,Leopold Fend,Project Manager
883,Ronny Seth,Legal Assistant
884,Becki Conelly,Research Associate
885,Chev Allcoat,VP Marketing
886,Albie Dimont,Automation Specialist III
887,Laurene Collidge,Quality Engineer
888,Joelle Densham,Operator
889,Fred Lownds,Senior Cost Accountant
890,Darin Blatherwick,Computer Systems Analyst IV
891,Conchita Greenroa,Teacher
892,Clare Frowd,Office Assistant IV
893,Shannon Danielski,VP Sales
894,Tait Lingwood,Media Manager I
895,Roz Shorthouse,Database Administrator I
896,Dugald Eynald,Quality Control Specialist
897,Torin Fetters,Marketing Manager
898,Karia Launder,Recruiting Manager
899,Eugen Cottee,Automation Specialist I
900,Arline Guilloux,Automation Specialist IV
901,Olimpia Ackenhead,Data Coordiator
902,Othelia Fiske,Quality Engineer
903,Shana McNickle,Product Engineer
904,Rosalia Wiley,Librarian
905,Powell Borres,Account Representative II
906,Silvie Aitcheson,Account Representative II
907,Christina Firbanks,Nurse Practicioner
908,Markus Lucks,Operator
909,Briggs Chasmar,Design Engineer
910,Aggi Noot,Database Administrator I
911,Onida Walework,Accountant I
912,Torie Volleth,Research Assistant II
913,Janenna Mibourne,VP Product Management
914,Abran Fieldsend,Analog Circuit Design manager
915,Fae Koeppe,Assistant Professor
916,Valry Matchett,Health Coach IV
917,Anders Gozard,Staff Scientist
918,Drucy Rossbrooke,Financial Analyst
919,Di Beltzner,Computer Systems Analyst IV
920,Garnette Ixer,Engineer II
921,Joscelin Wooff,Administrative Officer
922,Phillipp Wardley,Web Developer I
923,Lemmie Chipchase,Statistician IV
924,Doralynn Makin,Data Coordiator
925,Bard Highnam,Speech Pathologist
926,Katleen Bertouloume,Research Assistant II
927,Merridie Pitson,Associate Professor
928,Nicholle Marcroft,Quality Control Specialist
929,Bern Spittall,Pharmacist
930,Constantine Hearons,Food Chemist
931,Jorry Ridder,Senior Sales Associate
932,Mala Vigne,Geologist II
933,Larissa Cloute,Speech Pathologist
934,Hope Irving,Junior Executive
935,Antonetta Avon,Research Nurse
936,Ara Rickert,VP Accounting
937,Oriana Barrett,VP Marketing
938,Moria Dulake,Account Coordinator
939,Katya Maryska,Structural Analysis Engineer
940,Derward Larkworthy,Physical Therapy Assistant
941,Barrie Saile,Account Executive
942,Jojo Overstone,Senior Cost Accountant
943,Ninnetta MacDonough,General Manager
944,Callie Hubbart,VP Product Management
945,Quintus Drinnan,Senior Cost Accountant
946,Kipp Derington,Structural Engineer
947,Hebert Holsey,Speech Pathologist
948,Vergil Salvin,Environmental Specialist
949,Odey Hatwells,Account Coordinator
950,Alfy Winspire,Editor
951,Fanchon Wedmore,Sales Representative
952,Nance Filgate,Mechanical Systems Engineer
953,Freddy Grinaway,Analog Circuit Design manager
954,Vidovik Elliot,Senior Quality Engineer
955,Denise Bartke,Chemical Engineer
956,Lek Giacobillo,Librarian
957,Shirleen Humphris,Quality Control Specialist
958,Fionna Avann,Nurse Practicioner
959,Susi Willcock,Assistant Professor
960,Ebonee St Pierre,Nurse
961,Harrietta Cleverley,Automation Specialist IV
962,Cleveland Forcer,Research Associate
963,Griff Steabler,Accounting Assistant III
964,Novelia Caseborne,VP Product Management
965,Kaye Lockie,Occupational Therapist
966,Helenka Ortega,Administrative Officer
967,Mycah Ells,Sales Representative
968,Sonny Blowen,Environmental Tech
969,Robbin Amiss,Assistant Media Planner
970,Letty Whitesel,Automation Specialist IV
971,Karisa Pockett,Senior Financial Analyst
972,Adam Eagan,Systems Administrator I
973,Herminia Scobie,Geological Engineer
974,Grady Matyatin,Account Coordinator
975,Goober Spoward,Internal Auditor
976,Nikola Gowers,Quality Control Specialist
977,Paloma Revel,Graphic Designer
978,Wendye Mawditt,Database Administrator III
979,Minerva Portriss,Occupational Therapist
980,Phoebe Cobbledick,VP Product Management
981,Dougy Kmieciak,Senior Financial Analyst
982,Elwira Haughian,Design Engineer
983,Willyt Rollins,VP Quality Control
984,Veronica Kinsey,Automation Specialist I
985,Georgetta Soars,Registered Nurse
986,Fergus Shillinglaw,Food Chemist
987,Erik Uglow,Research Nurse
988,Farrand Copsey,Junior Executive
989,Chev Raubenheim,VP Sales
990,Ellis Hackford,Junior Executive
991,Aileen McGahy,Software Consultant
992,Myrlene Garlette,Nurse Practicioner
993,Candida Clopton,Structural Engineer
994,Joanna Gitsham,Business Systems Development Analyst
995,Merralee Ickowics,Nurse
996,Augustus Ormiston,Staff Accountant III
997,Brandyn Greenley,Financial Advisor
998,Shea Rapaport,Recruiter
999,Kira Petrecz,Graphic Designer
1000,Shayla Sauvage,Human Resources Manager
