Cedula_NIT,direccion,HorarioApertura,HorarioCierre,nombre
1,546 Stuart Park,18.98,22.33,Topiczoom
2,532 Valley Edge Street,16.45,21.06,Topicshots
3,757 Moose Road,14.65,20.89,Cogibox
4,2 Waywood Street,,,Shufflester
5,6063 3rd Avenue,,,Pixoboo
6,2 Sugar Lane,4.5,3.85,Vitz
7,68 Warrior Court,,,Skalith
8,21303 Clarendon Hill,,,Fiveclub
9,2227 Sommers Park,,,Minyx
10,50 Goodland Plaza,18.67,16.62,Cogibox
11,832 Swallow Pass,,,Eazzy
12,86360 Mallory Place,15.43,3.43,Topicware
13,29813 Sugar Parkway,,,Zoozzy
14,18164 Twin Pines Parkway,,,Mydo
15,9883 Packers Park,19.59,2.67,Trudoo
16,3 Starling Park,15.71,19.22,Dynabox
17,3144 Chive Trail,,,Mynte
18,41 Burning Wood Alley,5.95,21.42,Trupe
19,7 Glacier Hill Street,,,Skyba
20,4261 Homewood Pass,6.51,5.94,Skyba
21,5748 Merry Terrace,0.94,9.23,Gabtune
22,81 7th Place,4.71,5.43,JumpXS
23,86 Thierer Place,7.7,21.32,Lajo
24,081 Hansons Pass,,,Reallinks
25,457 Golden Leaf Lane,2.68,1.34,Eazzy
26,76687 Dapin Circle,,,Demivee
27,36 Goodland Circle,10.35,2.95,Gigazoom
28,2 Kings Center,,,Pixonyx
29,01143 Porter Point,10.23,12.55,Meevee
30,264 Dryden Lane,12.36,5.16,Mymm
31,91 Muir Junction,,,Twiyo
32,60702 Esker Plaza,20.19,8.44,Tazzy
33,096 Sauthoff Way,10.08,0.38,Photolist
34,098 Namekagon Alley,,,Devcast
35,081 Gerald Trail,20.05,19.29,Snaptags
36,5829 Charing Cross Place,13.24,6.1,Feednation
37,4 Meadow Ridge Avenue,4.09,5.07,Tagtune
38,9259 Trailsway Parkway,16.07,20.83,Rhyzio
39,73 Hovde Court,,,Feedfish
40,863 Hoepker Center,,,Jaxnation
41,1 1st Parkway,22.69,18.53,Babbleopia
42,65 Superior Drive,,,Muxo
43,43 Crownhardt Circle,12.91,22.49,Realpoint
44,36175 Welch Junction,,,Zooveo
45,223 Grim Place,,,Jabbersphere
46,8 Schlimgen Drive,8.0,4.61,Roombo
47,5 Chive Parkway,,,Fivebridge
48,41583 Lunder Circle,4.11,19.84,Oyope
49,8831 Mcguire Court,,,Mudo
50,41 Loeprich Circle,,,Aibox
51,6297 Brentwood Pass,2.5,2.62,Gabtype
52,55 Shoshone Way,,,Feedfish
53,343 Knutson Parkway,0.35,10.74,Gigabox
54,9299 Thackeray Crossing,5.72,0.21,Cogibox
55,91198 Arizona Point,9.92,15.66,Ntag
56,635 Elmside Road,7.39,3.01,Mydo
57,16266 Granby Avenue,5.89,8.51,Chatterpoint
58,0 Meadow Ridge Crossing,,,Meezzy
59,083 Oak Road,,,Kimia
60,31 Larry Center,,,Oozz
61,7749 Bayside Junction,,,Roodel
62,991 Sunfield Point,21.43,10.66,Wordpedia
63,2782 Rockefeller Junction,13.4,3.94,Zoovu
64,86933 Summerview Plaza,,,Demimbu
65,58 Northport Parkway,,,Yodoo
66,1 Burning Wood Terrace,10.84,22.72,Jabberstorm
67,88 Kim Court,,,Zoombeat
68,23163 Waywood Center,,,Browseblab
69,4 Clyde Gallagher Junction,,,Janyx
70,7819 Bashford Trail,,,Buzzshare
71,788 Montana Court,7.94,11.87,Camido
72,2381 Carberry Alley,18.73,14.03,Oyonder
73,0050 Fallview Pass,5.72,17.26,Fivebridge
74,58 Bonner Crossing,,,Zoonder
75,7468 Westend Point,,,Skinder
76,700 Boyd Avenue,8.51,4.81,Skinder
77,23840 8th Alley,2.23,21.6,Centidel
78,2258 Green Ridge Hill,14.27,4.14,Tazzy
79,217 Petterle Court,,,Skiba
80,42 Basil Alley,,,Feedfish
81,059 Marquette Pass,6.78,8.14,Camimbo
82,66 Summit Road,,,Meetz
83,1538 Ridgeview Plaza,20.53,12.67,Camido
84,5265 Schlimgen Parkway,18.27,15.22,Meevee
85,30 Green Ridge Place,,,Kare
86,2 Norway Maple Street,15.88,18.7,Wikido
87,9 Bartillon Plaza,,,Yacero
88,556 Dahle Park,11.01,10.97,Realblab
89,3437 Cottonwood Plaza,5.4,1.93,Dablist
90,32 Express Place,13.89,17.07,Photobug
91,35 Harper Pass,21.18,5.52,Aimbu
92,1160 Sundown Park,,,Plajo
93,798 Goodland Alley,7.81,9.51,Twiyo
94,5880 Portage Court,,,Devpulse
95,027 Bartelt Circle,,,LiveZ
96,9541 Fairfield Street,,,Zazio
97,14 Lien Avenue,,,Devpoint
98,0201 Roxbury Alley,,,Yotz
99,66983 Coleman Junction,,,Dabvine
100,917 Upham Trail,9.43,5.39,Zoonder
101,1 Blaine Center,,,Jaloo
102,70554 Rowland Pass,,,Babblestorm
103,56630 Doe Crossing Drive,,,Blogpad
104,37 Derek Hill,,,Meemm
105,24 Bowman Point,,,Jaxworks
106,6605 Fuller Pass,,,Avaveo
107,3 Ramsey Avenue,14.29,18.6,Skiba
108,62302 Larry Place,2.02,20.4,Izio
109,40447 Northview Street,6.63,13.39,Dazzlesphere
110,2548 Vahlen Point,,,Thoughtsphere
111,9721 Texas Place,4.57,8.09,Tambee
112,11462 Forest Dale Alley,,,Dabvine
113,21036 Troy Hill,6.54,21.17,Edgeblab
114,405 Arapahoe Park,10.45,13.91,Skiba
115,728 East Place,11.04,20.19,Skibox
116,59700 West Way,19.62,21.04,Zoombox
117,418 Dunning Park,,,Brainbox
118,667 Eastwood Avenue,14.57,12.83,Demizz
119,5 Southridge Hill,,,Photobug
120,5229 Susan Junction,15.43,16.27,Quinu
121,51339 Goodland Lane,,,Wordware
122,02453 Meadow Valley Alley,,,Dazzlesphere
123,92 Jenna Junction,,,Einti
124,11842 3rd Terrace,,,Tagopia
125,629 Mccormick Pass,,,Skaboo
126,799 Kensington Plaza,14.62,2.43,Tagchat
127,3 Coleman Place,,,Buzzdog
128,6742 Rieder Pass,,,Jaxworks
129,4588 Bunker Hill Lane,1.63,18.35,Yakijo
130,3 Judy Court,17.13,12.28,Oyope
131,3649 Merrick Center,22.62,14.78,Edgepulse
132,714 School Street,,,Voonte
133,021 Rusk Way,3.31,12.68,Realcube
134,48 Golden Leaf Parkway,,,Youfeed
135,7378 Welch Parkway,7.25,17.9,Thoughtbeat
136,63 Comanche Hill,,,Skynoodle
137,2710 Merchant Way,,,Wikizz
138,203 Beilfuss Junction,14.93,18.05,Centimia
139,6 Buena Vista Alley,,,Teklist
140,5 Nelson Center,,,Gevee
141,1874 Stang Point,15.96,13.38,Minyx
142,0766 Petterle Avenue,6.4,1.42,Riffwire
143,69 Fairview Park,,,Agimba
144,55239 Havey Parkway,1.1,12.51,Aimbo
145,2 Starling Court,1.29,13.53,Zooveo
146,48 Fairview Junction,,,Vinte
147,2 Jay Crossing,17.55,11.52,Pixope
148,8878 Waubesa Circle,,,Feedfire
149,94729 Lake View Terrace,,,Ainyx
150,508 Chive Drive,,,Skipstorm
151,572 Judy Hill,,,Skipfire
152,45 Loftsgordon Alley,,,Wordware
153,6196 Spohn Parkway,,,Flashspan
154,59781 Forest Run Court,,,Mudo
155,369 School Street,,,Leexo
156,968 Stephen Parkway,5.39,8.73,Meedoo
157,45 Bartelt Point,,,Linkbuzz
158,209 Little Fleur Plaza,,,Oba
159,514 Springview Drive,,,Zoomlounge
160,5 Comanche Park,16.6,21.83,Meetz
161,3829 Maryland Place,19.32,0.12,Kwideo
162,77898 Carioca Terrace,7.15,21.37,Mudo
163,2205 Waubesa Pass,,,Yabox
164,007 Morrow Pass,5.96,0.15,Omba
165,017 Debs Terrace,,,Skipfire
166,16991 Morningstar Way,2.44,11.81,Dabfeed
167,40827 Lunder Circle,15.52,22.67,Gabcube
168,2451 Cascade Road,10.46,22.71,Zava
169,165 Anhalt Road,,,JumpXS
170,2 Bunting Street,15.38,3.79,Dabvine
171,487 Bartelt Court,21.25,5.69,Rhynoodle
172,33694 Corben Street,6.27,7.35,Thoughtsphere
173,3 Moland Hill,7.71,13.91,Zoomcast
174,22 Kinsman Alley,9.9,13.91,Digitube
175,1260 Cottonwood Trail,16.1,8.1,Youfeed
176,1 Forest Dale Drive,,,Buzzdog
177,5298 Sloan Terrace,20.78,8.65,Photolist
178,016 Sommers Lane,14.77,1.48,Mudo
179,8522 Butternut Point,,,Blogtag
180,7897 Warrior Parkway,11.71,13.15,Devify
181,6 Bartillon Parkway,,,Flipstorm
182,7 Michigan Place,,,Jazzy
183,79868 Buhler Center,15.38,15.79,Aimbo
184,269 Hazelcrest Junction,3.78,16.46,Innotype
185,8208 Wayridge Hill,17.63,22.48,Wikido
186,32219 Loftsgordon Hill,,,Yombu
187,82 Badeau Junction,7.1,20.19,Jabbercube
188,855 Walton Parkway,,,Einti
189,6680 Transport Lane,22.5,14.77,Tazzy
190,13 Bunting Avenue,11.58,6.47,Quimba
191,6 Hovde Terrace,5.89,17.72,Brainverse
192,46299 Gateway Parkway,,,Yabox
193,097 Glacier Hill Road,12.54,2.12,Twiyo
194,6287 Amoth Trail,22.07,18.54,Flashpoint
195,65450 Colorado Point,,,Brightbean
196,153 Golf Plaza,,,Oyondu
197,42969 Barnett Terrace,,,Meeveo
198,14 Elka Way,12.9,5.58,Vidoo
199,1 Derek Avenue,19.2,1.68,Twitterbridge
200,11 Pond Trail,,,Skyvu
201,45 Meadow Valley Parkway,,,Topiclounge
202,2 Katie Crossing,,,Photospace
203,22992 Ludington Street,,,Meevee
204,3 Carberry Pass,,,Fivebridge
205,23 Crownhardt Pass,,,Katz
206,4034 Novick Hill,,,Jaxbean
207,7 Bobwhite Way,,,Thoughtstorm
208,64 Talisman Circle,14.52,9.74,Zoonoodle
209,08 Thierer Hill,,,Meevee
210,785 Blackbird Park,18.58,10.0,Mydeo
211,08 Norway Maple Plaza,2.56,20.54,Devpulse
212,5742 Lake View Court,4.64,16.82,LiveZ
213,1858 Reinke Pass,,,Brainsphere
214,30 Fremont Street,16.49,18.74,Gigashots
215,069 Mallard Park,20.17,19.64,Babbleset
216,40 Truax Point,10.29,9.86,Voonte
217,780 Donald Street,,,Tagchat
218,21 Marquette Pass,,,Dablist
219,9847 Nevada Circle,,,Flashpoint
220,0 Oak Valley Plaza,,,Gigabox
221,024 Coolidge Center,2.72,1.85,Photofeed
222,7 Bartelt Junction,,,Skibox
223,46280 Blaine Junction,,,Shufflebeat
224,92101 Lake View Junction,,,Oodoo
225,16600 Clarendon Center,,,Photofeed
226,344 Miller Place,20.06,9.94,Browsecat
227,5 Northport Avenue,5.48,12.43,Vidoo
228,2281 Graceland Crossing,,,Quamba
229,434 Autumn Leaf Way,22.34,1.88,Gevee
230,74 Old Shore Street,,,Divape
231,68361 New Castle Street,,,Gabvine
232,33308 Packers Plaza,,,Voonyx
233,2 American Ash Way,19.04,4.81,Livefish
234,662 Forest Run Lane,7.35,20.75,Twiyo
235,55055 Welch Crossing,,,Mydeo
236,1 Delladonna Plaza,9.64,8.84,Gigaclub
237,79379 Sherman Pass,0.34,12.18,Zoonoodle
238,03523 Banding Parkway,,,Devpoint
239,92628 Hayes Street,0.48,1.76,Mybuzz
240,2472 Londonderry Lane,,,Jabbertype
241,9 Coleman Parkway,,,Blogtags
242,0118 Little Fleur Center,,,Dabfeed
243,429 Dunning Park,,,Twitterwire
244,5 Heffernan Plaza,,,Kazio
245,4425 Granby Terrace,,,Kimia
246,8612 Duke Hill,,,Trudeo
247,868 Melvin Drive,,,Topicware
248,5 Tomscot Street,,,Edgeclub
249,7853 Clove Place,,,Dynazzy
250,126 Autumn Leaf Drive,18.91,6.12,Oba
251,62 Trailsway Parkway,9.36,18.64,Gevee
252,43744 Hanson Plaza,6.05,8.1,Skyndu
253,2 Prentice Trail,,,Jayo
254,0 Crownhardt Plaza,,,Linkbridge
255,5 Anthes Alley,16.25,22.91,Feedfish
256,9512 Westend Crossing,2.56,7.71,Avamba
257,73 Nevada Parkway,3.82,3.64,Zoombeat
258,12 Holy Cross Place,,,Eimbee
259,0 Northview Alley,,,Bubbletube
260,462 Mcguire Lane,6.69,2.65,Babbleblab
261,23 Onsgard Center,14.08,16.42,Jabbertype
262,9 Marquette Junction,,,Meejo
263,43 Jenifer Street,,,Brainverse
264,91221 Jenifer Avenue,,,Kwimbee
265,61536 Moland Hill,,,Quimm
266,9647 Nobel Plaza,21.31,0.98,Meetz
267,3895 Northwestern Pass,,,Bubblebox
268,742 Milwaukee Point,,,Mita
269,4 Stuart Center,9.82,12.37,Babbleset
270,9 Paget Trail,,,Tagpad
271,99 4th Place,,,Eare
272,6 Redwing Alley,16.84,5.37,Quatz
273,08 Novick Pass,3.65,9.88,Feedspan
274,705 Eagan Way,6.21,3.23,Kwimbee
275,9039 Dorton Parkway,22.11,13.1,Gabvine
276,64674 Sullivan Street,,,Dynabox
277,46 Buena Vista Pass,,,Jabberbean
278,2941 Maryland Center,,,Trudeo
279,61 Shasta Drive,,,Thoughtsphere
280,6 Anniversary Hill,,,Dazzlesphere
281,74 Ridgeview Junction,10.95,17.52,Twitterlist
282,52101 Bunker Hill Crossing,14.04,10.61,Wordpedia
283,62469 Springview Crossing,,,Browsezoom
284,224 Vermont Trail,11.36,10.55,Myworks
285,32779 Mandrake Court,14.06,16.64,Wikivu
286,902 Lerdahl Park,,,Gigabox
287,41868 Bartelt Road,,,Ooba
288,53167 Gale Park,14.51,2.98,Voonix
289,21015 Graedel Hill,6.65,10.8,Brainsphere
290,7 Pierstorff Trail,,,Kimia
291,97651 Southridge Pass,19.27,0.17,Demimbu
292,52371 Crowley Junction,4.48,11.01,Eadel
293,0 Corscot Junction,,,Blogpad
294,84233 Washington Avenue,,,Mymm
295,2 Spaight Street,16.94,13.94,Dynabox
296,3158 Melrose Hill,7.38,9.37,Centidel
297,22 Reinke Circle,,,Avamba
298,7 Summer Ridge Lane,15.11,2.55,Rhyloo
299,37 Longview Alley,8.24,1.42,Topdrive
300,80 Merrick Place,20.24,6.54,Browsecat
301,057 Pankratz Crossing,22.39,13.62,Meezzy
302,4728 Briar Crest Place,,,Quimm
303,669 Daystar Place,,,Feedspan
304,53 Starling Center,20.32,22.03,Fivechat
305,52 Northfield Place,,,Kwimbee
306,5645 Bellgrove Center,,,Livepath
307,8512 Corben Junction,,,Vimbo
308,7137 Hayes Parkway,18.77,19.98,Thoughtworks
309,023 Oakridge Place,1.04,17.16,Zazio
310,1 Sundown Trail,,,Skivee
311,205 Bay Pass,4.06,22.71,Riffpath
312,8 Mallory Lane,,,Wordify
313,6 Gerald Hill,,,Skyvu
314,41 Little Fleur Avenue,0.07,14.58,Youbridge
315,325 Surrey Hill,15.11,20.89,Yambee
316,11057 Armistice Circle,16.64,5.96,Voolia
317,51583 Hintze Court,18.0,19.44,Shufflebeat
318,5 Mockingbird Point,,,Buzzster
319,3969 Kedzie Parkway,2.42,22.51,Realcube
320,568 Summerview Trail,,,Kayveo
321,1036 Florence Trail,1.56,16.13,Feedmix
322,1208 Colorado Court,6.8,10.79,Yodo
323,2 Harper Plaza,12.28,11.3,Wikizz
324,611 Larry Court,,,Browsetype
325,04783 Becker Lane,18.3,19.03,Babblestorm
326,2707 Macpherson Court,17.37,2.77,Vinte
327,22 Evergreen Junction,14.85,1.04,Dynava
328,25 Sachtjen Trail,0.88,12.21,Devpulse
329,41487 Glacier Hill Center,19.21,5.34,Brainbox
330,1654 Armistice Way,,,Eimbee
331,635 Hoepker Avenue,,,Leexo
332,120 Declaration Avenue,,,Twinte
333,6 Monument Street,12.07,16.83,Fanoodle
334,5185 Bayside Court,,,Mycat
335,84818 Erie Road,,,Topiczoom
336,9 Ludington Pass,,,Pixoboo
337,98 Dottie Center,,,Roombo
338,87436 Hoepker Lane,,,Leenti
339,09 Dayton Court,9.49,20.8,Avamba
340,3 Canary Terrace,5.55,13.01,Skalith
341,0699 Maryland Park,,,Aibox
342,25163 Prentice Hill,19.44,17.49,Vinder
343,315 Nancy Street,,,Voonix
344,570 Tomscot Circle,10.63,9.94,Rhynyx
345,5 New Castle Alley,,,Flipstorm
346,35862 Tomscot Road,,,Fivechat
347,8403 Shasta Crossing,1.32,7.73,Yakitri
348,17 Express Avenue,,,Thoughtblab
349,0190 Tomscot Alley,0.8,21.08,Jabbersphere
350,11436 Linden Way,,,Skipstorm
351,455 West Point,,,Avaveo
352,4218 Portage Court,15.27,11.56,Skinte
353,46739 Linden Way,,,Babbleopia
354,9060 Marcy Way,,,Roomm
355,05454 Rockefeller Parkway,4.94,12.18,Aivee
356,491 Vernon Plaza,,,Quatz
357,2 Dennis Terrace,15.56,10.21,Quire
358,4 Sullivan Court,0.43,18.7,Meeveo
359,92558 Eliot Street,,,Demizz
360,89 Haas Court,,,Linkbuzz
361,930 Golf Circle,16.9,22.68,Fivechat
362,27 Dwight Parkway,,,Realbridge
363,882 Porter Avenue,19.6,12.89,Aimbo
364,9 Morningstar Court,,,Jaxworks
365,7456 Union Road,,,Tagtune
366,78 Superior Place,11.38,15.44,Skipstorm
367,18756 2nd Trail,,,Thoughtstorm
368,6860 Melrose Point,20.45,2.49,Demizz
369,1 Sherman Street,,,Skiba
370,109 Carioca Drive,,,Wordware
371,461 Superior Lane,,,Yoveo
372,8404 Riverside Park,,,Jaloo
373,079 Northfield Court,15.97,3.06,Katz
374,060 Elmside Lane,,,Devify
375,96 Center Center,15.5,9.12,Jabbercube
376,0 Cordelia Alley,,,Kwideo
377,9753 Eagle Crest Alley,,,Fliptune
378,9 Carberry Circle,,,Jabberstorm
379,05507 Park Meadow Court,,,Blogpad
380,6 2nd Road,,,Chatterbridge
381,4 Moland Plaza,7.15,6.7,Geba
382,08709 Mendota Point,,,Jamia
383,81 Calypso Pass,,,Skajo
384,9430 Prairieview Circle,,,Mydo
385,7274 Loeprich Terrace,,,Miboo
386,9998 Utah Parkway,10.5,16.9,Cogibox
387,2 Cody Place,,,Yakidoo
388,9594 Sycamore Place,1.26,22.47,Buzzbean
389,320 8th Lane,4.51,11.82,Kare
390,7 Buhler Drive,14.11,10.46,Linktype
391,05730 Annamark Alley,4.12,1.87,Jabbersphere
392,44 Magdeline Crossing,6.66,15.38,Topdrive
393,9 Portage Trail,,,Zoonoodle
394,7 Chive Place,,,Avaveo
395,9 Amoth Avenue,5.79,10.05,Oyondu
396,86778 Cordelia Hill,,,Janyx
397,55825 Tony Parkway,,,Trupe
398,6 Claremont Trail,18.82,13.0,Skinder
399,8658 New Castle Avenue,,,Oloo
400,9239 Park Meadow Hill,16.84,6.75,Cogibox
401,1511 Di Loreto Drive,,,Realbridge
402,09 Vidon Avenue,,,Kaymbo
403,27817 Fairfield Place,8.87,18.71,Fadeo
404,07 Shasta Parkway,,,Cogibox
405,116 Manley Circle,5.4,15.06,Demizz
406,80343 Merry Drive,,,Gigashots
407,9 Oak Way,,,Skilith
408,1417 Jana Way,,,Dynabox
409,10 Surrey Trail,,,Skibox
410,0 Memorial Alley,3.33,9.77,Podcat
411,233 Sycamore Alley,13.86,22.56,Realbridge
412,166 High Crossing Hill,22.16,8.57,Thoughtbridge
413,619 Blue Bill Park Trail,,,Dabtype
414,98492 Farmco Drive,1.12,12.41,Photospace
415,997 Fair Oaks Place,,,InnoZ
416,3367 Dawn Avenue,8.02,15.5,Dynabox
417,0782 Huxley Place,,,Quatz
418,44029 Surrey Avenue,6.61,3.48,Browsetype
419,152 Melrose Avenue,,,Shuffletag
420,8695 Trailsway Circle,11.15,18.86,Twiyo
421,9672 Erie Way,,,Pixonyx
422,53072 Crescent Oaks Lane,11.68,10.81,Myworks
423,73 Waywood Park,,,Kare
424,12 Raven Parkway,7.81,7.93,Flipbug
425,14 Porter Hill,15.59,20.65,Izio
426,8 Hazelcrest Circle,11.72,20.9,Yacero
427,54 Butterfield Alley,,,Realbridge
428,57309 7th Avenue,14.49,9.27,Avavee
429,1947 Vidon Drive,11.01,14.27,Eidel
430,5696 Southridge Court,19.51,16.69,Twiyo
431,12249 Acker Parkway,,,Quinu
432,389 Brentwood Pass,,,Livetube
433,5092 Sloan Center,2.7,13.92,Voonyx
434,95736 7th Court,,,Tavu
435,31134 Green Ridge Center,,,Mydo
436,8 Troy Crossing,21.89,7.87,Fivechat
437,2640 Express Trail,,,Thoughtstorm
438,9479 Loomis Avenue,,,Myworks
439,28194 Alpine Center,,,Topicshots
440,0997 Sunnyside Crossing,,,Meeveo
441,62 Blaine Junction,,,Katz
442,12629 Dexter Trail,5.76,18.45,Jatri
443,5 Declaration Street,19.88,3.23,Jatri
444,1128 Burning Wood Park,,,Zooveo
445,2 Melby Trail,,,Edgeify
446,21622 Longview Drive,,,Youspan
447,73267 Mesta Drive,,,Fivebridge
448,440 Golden Leaf Pass,,,Mycat
449,8 Leroy Park,,,Topiczoom
450,7 Hintze Drive,,,Twitterwire
451,64 Crownhardt Trail,,,Demivee
452,1884 Quincy Terrace,,,Skaboo
453,3920 5th Junction,,,Skaboo
454,4 Blue Bill Park Terrace,1.72,21.52,Dynabox
455,916 Nelson Plaza,,,Oyoloo
456,08 Doe Crossing Alley,18.35,3.16,Gabcube
457,4 Stephen Junction,5.32,22.34,Realpoint
458,90434 Michigan Place,15.63,0.77,Jabberbean
459,243 Dapin Road,,,Flipbug
460,297 Novick Center,1.05,11.49,Brainverse
461,05930 Cordelia Crossing,22.39,7.58,Dabtype
462,33 Meadow Valley Drive,22.42,20.38,Bluezoom
463,69854 Dexter Circle,,,Oba
464,7145 Buena Vista Point,,,Devshare
465,17480 Messerschmidt Terrace,0.99,20.84,Meembee
466,2425 Northridge Avenue,18.95,9.41,Zoonoodle
467,4 Vahlen Lane,1.13,14.38,Realbridge
468,3 Artisan Road,,,Yakidoo
469,23666 Mockingbird Trail,,,Roodel
470,37 Reindahl Drive,,,Zava
471,756 Anhalt Lane,12.42,8.87,InnoZ
472,969 Melby Alley,11.54,8.96,Photolist
473,36642 4th Place,14.91,4.88,Quimm
474,573 Merrick Place,,,Jayo
475,726 Dawn Park,4.33,0.87,Skyba
476,68924 Bultman Road,,,Centidel
477,9 Fuller Terrace,,,Pixope
478,04 Morningstar Drive,2.23,18.69,Vimbo
479,63786 Sullivan Plaza,,,Bubbletube
480,0 Oxford Drive,15.17,15.7,Tanoodle
481,61 Wayridge Park,1.27,19.94,Tagopia
482,0 Towne Junction,,,Jayo
483,014 Spaight Court,3.12,12.72,Kwinu
484,3675 Manley Crossing,,,Tagpad
485,4 Grover Parkway,,,Linktype
486,4 Maywood Avenue,22.43,15.3,Oyoloo
487,66387 Cardinal Avenue,6.2,8.16,Kayveo
488,51368 Dorton Junction,5.04,1.04,JumpXS
489,689 Lien Avenue,3.57,14.83,Edgewire
490,2569 Mifflin Center,,,Ainyx
491,23 Milwaukee Plaza,0.31,1.32,Yotz
492,34 Bay Avenue,,,Skajo
493,2288 Scofield Place,,,Skivee
494,8 Fairview Park,7.94,21.16,Twitternation
495,20 Westport Plaza,,,Aimbu
496,21 Shopko Hill,,,Brainlounge
497,4 Spohn Junction,,,Yamia
498,837 Grayhawk Crossing,2.35,2.97,Browsezoom
499,0483 Dorton Avenue,,,Quinu
500,4 Lunder Lane,2.58,1.99,Rhybox
501,8159 Hayes Trail,,,Skilith
502,933 Eagan Plaza,,,Blogspan
503,17533 Raven Way,19.22,16.55,Agivu
504,67 Sommers Way,4.89,8.17,Centidel
505,1860 Commercial Road,12.69,21.87,Meetz
506,261 Ridgeway Place,21.15,17.38,Gabcube
507,308 Gale Pass,,,Realcube
508,9421 Rigney Street,14.21,7.19,Mybuzz
509,4 Jana Street,,,Topiczoom
510,53 Brickson Park Lane,,,Babbleopia
511,23 Warrior Park,,,Aimbu
512,816 Toban Place,9.04,15.4,Trilith
513,43524 Russell Alley,,,Teklist
514,343 Stone Corner Plaza,,,Centidel
515,39 Jenna Junction,8.42,22.57,Buzzdog
516,4377 Reinke Crossing,21.36,2.1,Youspan
517,513 Algoma Plaza,,,Avavee
518,54 American Ash Avenue,,,DabZ
519,3 Division Point,16.15,11.1,Zoombox
520,0 Packers Hill,,,Tazz
521,71640 Merchant Parkway,10.92,22.58,Jaxspan
522,43924 Oak Street,15.8,12.12,Innotype
523,1869 Buena Vista Street,7.21,0.39,Yotz
524,7 Northfield Alley,,,Cogilith
525,59 Golf Course Point,9.03,3.67,Cogidoo
526,94780 Northland Drive,,,Tagtune
527,6671 Drewry Court,,,Dynabox
528,3584 Di Loreto Drive,7.13,12.14,Chatterbridge
529,8 Tomscot Circle,,,Dynabox
530,88 Sommers Crossing,19.89,15.06,Tagopia
531,35198 Golf Course Court,,,Flashspan
532,0 Tomscot Drive,,,Photofeed
533,23076 Elgar Court,9.99,20.1,Meevee
534,670 Kennedy Circle,,,Blogtags
535,5 Sauthoff Drive,13.21,4.45,Skynoodle
536,71 Fallview Alley,0.35,6.51,Agimba
537,2217 Elka Road,20.91,0.69,Tagcat
538,95426 Montana Junction,,,Zooveo
539,339 Glendale Alley,,,Rhybox
540,1 Village Pass,17.31,18.33,Skivee
541,69084 Milwaukee Plaza,22.06,8.36,Centidel
542,52 Manley Circle,,,Geba
543,198 Northview Drive,,,Tazz
544,0 Kipling Circle,,,Gigabox
545,64152 Dwight Terrace,,,Skipstorm
546,5492 Butterfield Alley,11.24,17.64,Topiclounge
547,0333 Sachtjen Point,,,Gabtype
548,011 Macpherson Way,,,Livetube
549,07 Harbort Hill,13.39,3.9,Quinu
550,9 Manufacturers Parkway,,,Yodoo
551,21 Union Alley,7.62,7.93,Browsebug
552,94 Pearson Plaza,4.44,6.19,Dazzlesphere
553,7437 Burrows Crossing,8.79,7.69,Topicware
554,28228 Novick Drive,,,Gigazoom
555,38208 Debs Drive,0.95,11.36,Dynazzy
556,00482 Ridgeway Lane,1.53,15.08,Kayveo
557,9355 Westend Drive,,,Blognation
558,699 Porter Lane,7.25,15.76,Agivu
559,35515 Hallows Hill,,,Mydo
560,703 Fairview Way,21.8,10.07,Skalith
561,23717 Ludington Plaza,15.4,16.73,Vidoo
562,62 Pleasure Hill,1.05,7.46,Oloo
563,35 Almo Park,,,Skipfire
564,4 Heffernan Point,,,Youbridge
565,1999 Karstens Pass,18.83,4.28,Kare
566,936 Manufacturers Center,,,Blogpad
567,0809 Hoepker Street,8.24,10.92,Edgepulse
568,45193 West Crossing,,,Twinder
569,591 Sherman Place,4.93,16.0,Dabjam
570,255 Corscot Drive,,,Shuffletag
571,3557 Harbort Terrace,6.38,5.1,Jabbercube
572,26548 Service Drive,,,Kare
573,05 Luster Avenue,21.96,11.96,Thoughtstorm
574,186 Morning Court,,,Talane
575,7886 Farmco Lane,11.64,8.73,Edgewire
576,3840 Melby Terrace,,,Linkbridge
577,5 Waxwing Crossing,8.15,17.81,Devshare
578,96649 Maywood Parkway,,,Camimbo
579,0834 Maple Trail,2.66,2.91,Chatterbridge
580,639 Scoville Parkway,3.72,1.31,Tagpad
581,6737 Spaight Center,,,Kamba
582,895 Fisk Circle,18.42,4.15,Mydo
583,3 Dayton Parkway,,,Blogtags
584,9 Village Plaza,15.18,9.98,Browsebug
585,864 Vidon Place,,,Mydo
586,010 Drewry Avenue,,,Innotype
587,71757 Grayhawk Hill,0.87,12.84,Jamia
588,19969 Granby Way,11.37,10.21,Blogtag
589,25 Darwin Center,,,Skyba
590,99 Dottie Hill,,,Yombu
591,58655 Onsgard Parkway,13.16,14.88,Skimia
592,2 Golf Course Road,,,Demizz
593,4 Buell Point,,,Jetpulse
594,7700 Huxley Terrace,21.99,7.1,Aibox
595,3631 Namekagon Circle,4.04,0.04,Twimbo
596,561 Evergreen Avenue,,,Ailane
597,19136 Express Plaza,,,Yata
598,5 Texas Point,,,Blogtags
599,194 Artisan Circle,,,Livetube
600,885 Saint Paul Alley,14.55,17.66,Gigazoom
601,404 Merrick Avenue,1.06,2.46,Zoombeat
602,1142 Quincy Crossing,14.54,21.03,Thoughtstorm
603,375 Jana Alley,,,Dabtype
604,1 Surrey Circle,14.02,0.16,Skinder
605,4 Stone Corner Pass,22.67,4.8,Ooba
606,52934 Glacier Hill Hill,,,Photolist
607,5 Hovde Avenue,16.75,3.09,Twitterbeat
608,63576 Killdeer Place,,,Bubbletube
609,9 Lillian Pass,14.57,17.72,Mybuzz
610,65 Cody Center,8.4,10.41,Quinu
611,28 Rigney Alley,,,Yata
612,05714 Blue Bill Park Circle,15.63,13.68,Fiveclub
613,673 Dennis Trail,8.09,12.58,Babbleblab
614,14871 Nobel Terrace,,,Quimm
615,803 Annamark Crossing,16.13,20.66,Oodoo
616,0 Meadow Ridge Plaza,7.68,15.29,Lazzy
617,3 Surrey Park,4.9,1.59,Innotype
618,75 Jenifer Court,,,Fatz
619,8 Twin Pines Crossing,13.59,14.76,Tagchat
620,01 Redwing Center,19.12,18.59,Ooba
621,4 Esch Place,18.48,17.96,Quaxo
622,704 Stoughton Hill,1.66,11.46,Skidoo
623,57508 Milwaukee Avenue,9.46,8.06,Jayo
624,678 Anhalt Alley,11.73,15.98,Trunyx
625,57 Northridge Way,,,Thoughtbeat
626,2257 Cardinal Center,,,Edgetag
627,989 Russell Crossing,4.22,1.68,Twitterworks
628,252 Eagan Crossing,21.48,11.58,Mydeo
629,3 New Castle Parkway,,,Kwinu
630,894 Sommers Drive,8.84,21.85,Realpoint
631,66 Burrows Plaza,,,Tanoodle
632,6466 Shopko Circle,,,Skinte
633,4 Dottie Place,,,Skiptube
634,5501 American Ash Trail,,,Yodel
635,15 Stang Place,9.27,6.34,Brainsphere
636,016 Crescent Oaks Way,19.76,1.48,Rhyloo
637,259 Blaine Center,4.82,13.27,Photolist
638,52284 Springs Park,19.39,12.41,Zava
639,795 Laurel Hill,,,Zooveo
640,7 Division Center,,,Blogtags
641,33 Schurz Crossing,10.04,9.57,Mynte
642,1 Laurel Circle,12.48,11.66,Blogtag
643,05889 Hoard Street,,,Yakidoo
644,963 Manitowish Trail,21.83,18.98,Quamba
645,741 Donald Terrace,,,Meeveo
646,512 Northridge Terrace,15.83,13.79,Oyoyo
647,25 Mccormick Park,,,Minyx
648,110 Farwell Court,,,Dablist
649,75344 Lawn Drive,,,Rhybox
650,521 Shelley Court,13.63,13.79,Devpulse
651,96 Colorado Court,20.71,5.52,Jaxbean
652,649 Farwell Hill,,,Oyoyo
653,71 Brown Avenue,7.31,0.44,Agimba
654,88 Kensington Alley,7.6,7.19,Talane
655,56 Glacier Hill Junction,12.95,7.11,Voolia
656,025 Colorado Lane,,,Browsecat
657,575 Mallory Crossing,,,Yotz
658,17680 Jay Hill,,,Dynabox
659,1317 Cardinal Circle,,,Oyope
660,80 Chive Place,11.9,15.46,Aivee
661,8137 Hudson Trail,,,Oyoba
662,7 Buena Vista Hill,,,Abatz
663,8 Sauthoff Court,,,Pixonyx
664,44 Redwing Point,,,Cogibox
665,6 Lotheville Way,14.72,10.36,Yoveo
666,8668 Aberg Road,,,Tanoodle
667,5489 Holmberg Parkway,,,Podcat
668,29400 Toban Alley,,,Skilith
669,85442 Luster Lane,,,Cogibox
670,1 Lyons Way,,,Eire
671,10475 8th Lane,,,Miboo
672,1688 Logan Way,,,Zava
673,8129 Tomscot Junction,15.76,12.61,Divavu
674,00506 Fieldstone Hill,,,Einti
675,56623 Commercial Alley,,,Skipstorm
676,6 Steensland Circle,,,Camimbo
677,694 Johnson Road,18.52,7.0,Voolith
678,992 Schmedeman Hill,,,Realfire
679,39604 Anniversary Street,,,Yabox
680,0701 Ramsey Terrace,,,Tekfly
681,570 Express Hill,20.7,12.87,Tekfly
682,7412 Buhler Place,,,Centidel
683,82 Magdeline Parkway,1.95,1.49,Photolist
684,28313 Fremont Drive,1.98,14.66,JumpXS
685,58971 Arrowood Point,,,Chatterbridge
686,143 Forest Run Alley,,,Brainlounge
687,5 Towne Trail,,,Jabbersphere
688,0775 Garrison Point,21.28,14.26,Oba
689,04 Dorton Park,,,Flashset
690,3 Independence Hill,,,Tazz
691,479 Gulseth Junction,11.75,22.19,Twitterwire
692,75311 Susan Circle,18.97,19.04,Tambee
693,4 Graedel Plaza,,,Myworks
694,227 Ludington Crossing,,,Twimm
695,60965 Waywood Hill,5.84,11.74,Edgeclub
696,01673 West Plaza,,,Yabox
697,315 Kings Way,,,Quimba
698,22861 Linden Street,,,Myworks
699,2 La Follette Junction,1.25,7.14,Voolia
700,4 Rutledge Place,,,Vinder
701,48 Summerview Plaza,,,Blogtag
702,323 Vera Crossing,,,Kwinu
703,485 Maywood Point,,,Kwinu
704,9 Reindahl Avenue,,,Agivu
705,9627 Corben Lane,17.69,0.66,Zoombeat
706,4555 Emmet Terrace,,,Edgeclub
707,4949 Carberry Way,22.18,19.15,Eazzy
708,3498 International Point,22.97,2.45,Photofeed
709,1273 Dryden Place,22.03,4.71,Mynte
710,946 Schmedeman Junction,,,Browsecat
711,2257 Logan Avenue,,,Myworks
712,12335 Graedel Point,,,Demizz
713,981 Walton Place,,,Twiyo
714,11 Green Ridge Trail,13.46,10.03,Tagcat
715,51080 Welch Point,,,Jabberbean
716,18 Grayhawk Street,1.4,11.64,Youspan
717,066 Loftsgordon Crossing,16.46,1.54,Edgeclub
718,17 Annamark Drive,22.35,5.27,Tagpad
719,3 Golden Leaf Crossing,17.24,10.07,Tazzy
720,97844 Union Point,14.03,1.49,Mita
721,515 Hanover Way,15.23,15.69,Voomm
722,6545 Becker Trail,14.7,3.45,Skipfire
723,944 Raven Drive,,,Browsecat
724,386 Quincy Junction,10.43,1.58,Ntag
725,61 Kennedy Lane,,,Kanoodle
726,719 Sloan Avenue,14.47,7.57,Aibox
727,7994 Lerdahl Plaza,10.1,19.68,Eire
728,1639 Holy Cross Park,,,Realblab
729,55799 Buhler Court,,,Brainsphere
730,27343 Buhler Avenue,,,Twitternation
731,18 Northfield Place,4.24,0.15,Jaxbean
732,3 Barnett Point,,,Trupe
733,3277 Mcbride Terrace,14.23,7.83,Einti
734,7467 Luster Street,,,Zoonder
735,1 Ridge Oak Terrace,10.41,12.26,Kamba
736,14 Crest Line Parkway,,,Kare
737,952 Raven Trail,,,Jatri
738,1 Green Ridge Parkway,,,Youbridge
739,823 Ronald Regan Pass,0.27,1.36,Reallinks
740,80335 Kedzie Center,,,Dabfeed
741,635 Coolidge Street,21.9,9.87,Buzzbean
742,83 Bay Street,6.29,8.5,Jayo
743,05373 Roxbury Drive,21.89,5.62,Oyoba
744,2213 Merrick Hill,22.28,15.68,Tazz
745,20168 Jenna Circle,20.96,1.58,Fivechat
746,1 Sullivan Way,,,Flipopia
747,37 Logan Center,,,Yakidoo
748,5 Northport Avenue,,,Flashset
749,640 Summit Road,,,Voonix
750,61 Mallory Street,21.93,11.2,Jatri
751,4785 Valley Edge Point,,,Demizz
752,2110 Anderson Place,,,Edgeify
753,3687 Eliot Plaza,21.42,19.66,Yabox
754,2810 Huxley Crossing,12.64,10.8,Twiyo
755,3360 Oak Valley Trail,,,Devify
756,1 Kennedy Street,,,Thoughtsphere
757,6956 Service Lane,11.29,12.49,Meevee
758,3629 Clyde Gallagher Parkway,,,Innojam
759,82 Bay Drive,,,Flashpoint
760,78547 Quincy Alley,,,Twimm
761,74719 Corry Pass,,,Riffpedia
762,3080 Summit Street,9.62,18.56,Topicware
763,5 Mayer Lane,,,Buzzbean
764,379 Melrose Place,,,Gabvine
765,07 Kropf Hill,,,Browseblab
766,6925 Hovde Way,,,Mynte
767,1878 Emmet Lane,,,Voonte
768,39 Badeau Circle,13.3,16.91,Jabbersphere
769,87333 Manufacturers Pass,12.18,18.82,Tagpad
770,71089 Forest Way,,,Ozu
771,33732 Mayfield Place,0.6,6.68,Livepath
772,7 Waywood Alley,,,Einti
773,63 Packers Park,,,Jayo
774,9 Evergreen Crossing,,,Meembee
775,11 Loftsgordon Terrace,9.54,1.2,Eamia
776,7 Independence Road,15.17,16.92,Skimia
777,95 Florence Pass,,,Divanoodle
778,70 Tennyson Trail,,,DabZ
779,7 Sundown Center,,,Aimbo
780,91 Vermont Alley,,,Jabberstorm
781,9 Mifflin Terrace,,,Blogpad
782,53159 Fieldstone Crossing,,,Zoozzy
783,38581 Talisman Pass,0.22,1.82,Bluezoom
784,47 Linden Avenue,,,Livefish
785,98 Spenser Alley,,,Aimbo
786,24 Memorial Way,,,Skipfire
787,88 Karstens Center,14.92,0.18,Avaveo
788,53 Sycamore Way,,,Photospace
789,24 Jay Parkway,,,Wikizz
790,17246 Cambridge Terrace,0.78,22.36,Kazu
791,610 Sunbrook Center,,,Voolia
792,24977 Colorado Parkway,14.03,22.02,Divanoodle
793,17 Delaware Court,14.47,13.08,Izio
794,63 Manitowish Circle,11.87,17.91,Zoovu
795,91764 Butterfield Street,,,Shufflester
796,4 Cherokee Avenue,10.89,13.58,Mynte
797,9 Shelley Crossing,14.72,11.3,Jetpulse
798,5933 Fordem Pass,14.31,17.53,Abata
799,5 Hallows Junction,,,Edgeblab
800,63 Moose Trail,,,Fivechat
801,5 Kedzie Junction,8.83,10.18,Twimbo
802,32 Tennyson Plaza,16.71,2.01,Browsetype
803,0 Oxford Trail,7.65,11.36,Jabbersphere
804,0 Namekagon Center,5.43,5.48,Kwimbee
805,3886 Ronald Regan Hill,,,Zoomzone
806,82541 Caliangt Park,,,Jetwire
807,8 Wayridge Center,1.96,7.07,Shufflebeat
808,2 Kipling Point,21.32,18.82,Gigashots
809,7 Anniversary Drive,19.21,4.66,Myworks
810,8756 Summer Ridge Terrace,0.74,15.9,Edgeify
811,75 Caliangt Court,,,Vitz
812,09002 Erie Circle,12.46,15.96,Skiba
813,690 Schiller Drive,,,Dabvine
814,16 Moose Place,,,Realfire
815,8 Novick Parkway,,,Livetube
816,61 Cordelia Drive,,,Voonix
817,9 Browning Road,14.06,2.14,Kare
818,0754 Fair Oaks Hill,,,Rooxo
819,1 Menomonie Drive,21.18,19.15,Zoomdog
820,7 Scott Road,16.27,21.67,Topicblab
821,2855 Ridgeway Point,18.21,19.83,Browseblab
822,78 Derek Street,,,Eire
823,5 Pawling Court,12.34,22.18,Gabcube
824,2 Hoffman Point,5.44,21.19,Photobug
825,23 Commercial Court,14.33,18.39,Viva
826,80254 Hoard Way,13.85,12.84,Twitterworks
827,679 Elmside Street,,,Kwideo
828,4 Buell Court,3.22,13.52,Abatz
829,56 Milwaukee Pass,8.32,14.94,Vimbo
830,5 North Alley,,,Rhycero
831,42 Fuller Point,,,Demivee
832,97 Pond Park,12.53,19.98,Avaveo
833,756 5th Alley,,,Fadeo
834,04 Ruskin Crossing,8.44,6.67,Gabspot
835,7 Glacier Hill Trail,4.83,19.34,Edgeify
836,05 Claremont Plaza,20.58,20.86,Demivee
837,65553 Parkside Parkway,,,Yombu
838,629 Eggendart Crossing,13.02,22.0,Skiba
839,970 Melvin Plaza,11.04,13.34,Agimba
840,74 Utah Crossing,10.72,4.5,Skiba
841,3 Paget Way,12.94,11.37,Flipbug
842,4800 Blackbird Park,,,Trunyx
843,2403 Cambridge Road,,,Dabfeed
844,1 Hallows Road,,,Voonte
845,2024 Hagan Drive,,,Zoovu
846,89 Rieder Street,10.32,20.03,Yakidoo
847,13 Susan Circle,,,Topicshots
848,15 Darwin Park,8.72,21.92,Flashdog
849,913 Pankratz Park,14.45,13.37,Trudeo
850,60813 Fordem Terrace,,,Jaxbean
851,4 Anthes Court,11.01,11.11,Shuffletag
852,152 Continental Circle,,,Zoonder
853,3165 Boyd Terrace,,,Meevee
854,5 Holmberg Court,21.79,15.84,Oloo
855,88795 Troy Way,,,Leenti
856,916 Brentwood Place,1.39,7.66,Riffpath
857,23287 Monterey Circle,22.2,6.46,Skimia
858,5 Farmco Road,,,Flashpoint
859,2 Victoria Pass,5.49,17.06,Gevee
860,90964 Hansons Road,6.78,5.67,Jaxspan
861,157 Granby Point,14.06,5.49,Twitterworks
862,53 7th Hill,,,Ozu
863,71 Walton Parkway,,,Aimbu
864,3 Annamark Road,,,Edgepulse
865,670 Lighthouse Bay Court,18.41,6.77,Rhybox
866,712 Sachtjen Court,,,Thoughtstorm
867,34 Del Mar Place,3.67,22.93,Youspan
868,41 Monument Junction,,,Npath
869,79284 American Ash Terrace,,,Livetube
870,1087 Prairie Rose Avenue,,,Ooba
871,7 Valley Edge Place,3.89,0.21,Fivespan
872,77 Kingsford Hill,,,Dabtype
873,1 Truax Way,15.37,20.93,Pixonyx
874,4 Manitowish Crossing,6.18,22.62,Zazio
875,3 Hoepker Lane,,,Mydo
876,4 Union Court,5.57,13.89,Voomm
877,10815 Mitchell Plaza,,,Photofeed
878,17727 Havey Trail,,,Gabvine
879,87849 Dennis Circle,3.12,13.0,Browsedrive
880,10707 John Wall Parkway,6.77,8.92,Browseblab
881,7 Northport Trail,,,Zazio
882,0857 Barby Point,0.39,4.82,Gigaclub
883,23 Almo Point,,,Yakitri
884,4 Old Shore Center,18.39,13.52,Wordtune
885,896 Petterle Pass,,,Feedfish
886,3 Cordelia Street,,,Dabshots
887,0 Village Green Alley,,,Fadeo
888,1 Butternut Junction,,,Feedfire
889,24 Buell Terrace,19.09,16.07,Oyondu
890,008 Pine View Terrace,22.39,21.47,Skinix
891,53386 Butternut Street,21.77,14.07,Rhyloo
892,99445 Magdeline Crossing,7.7,14.3,Aibox
893,52591 Knutson Center,20.44,17.39,Kamba
894,8 Coolidge Park,18.56,13.78,Fiveclub
895,30 Monument Crossing,16.07,19.32,Jamia
896,6 Prairie Rose Way,,,Viva
897,8775 Meadow Valley Trail,,,Roomm
898,12 Little Fleur Court,18.92,22.07,Jetwire
899,6954 Harper Terrace,10.31,1.77,Photospace
900,936 Holmberg Court,18.08,6.95,Quatz
901,9907 Ronald Regan Plaza,,,Voonte
902,910 Barnett Hill,,,Cogidoo
903,6 Bartillon Hill,11.58,6.06,Ooba
904,51 Debra Park,16.5,1.71,Gabtune
905,61817 Melvin Road,16.99,15.2,Linkbuzz
906,41 Declaration Point,12.6,17.27,Photobug
907,2 East Hill,16.37,18.66,Brightbean
908,8 Merrick Park,21.18,17.73,Fivebridge
909,30 Milwaukee Drive,10.51,22.07,Oyonder
910,780 Carpenter Center,3.05,22.29,Leenti
911,2 Northland Street,,,Babbleblab
912,70424 Bartelt Center,,,Yacero
913,79 Kensington Terrace,,,Realmix
914,25104 Messerschmidt Terrace,,,Realbridge
915,2 Monument Place,,,Gigaclub
916,690 Donald Place,,,Jaloo
917,02 Hooker Street,,,Wordpedia
918,65329 Sunnyside Terrace,13.94,3.7,Zava
919,4 Badeau Parkway,,,Tanoodle
920,55321 Dryden Way,,,Demizz
921,104 Magdeline Court,,,Zoomdog
922,787 Forest Hill,,,Yadel
923,9620 Longview Court,14.34,2.2,Feedspan
924,8743 Manley Court,,,Brightdog
925,114 Erie Center,18.94,11.36,Abata
926,660 Pawling Alley,11.08,11.47,Yata
927,0 Bunker Hill Crossing,,,Divanoodle
928,0889 Carberry Circle,16.1,22.69,Skipstorm
929,92 Oriole Circle,,,Trilith
930,20961 Melby Road,,,Meetz
931,168 Hermina Parkway,,,Youspan
932,88 Sutteridge Circle,4.14,9.07,Topicblab
933,058 Jackson Circle,,,Layo
934,0 Dwight Center,4.48,6.97,Quinu
935,1174 Green Park,21.54,22.6,Eamia
936,00230 Canary Drive,22.32,15.71,Wikizz
937,880 Menomonie Place,7.68,14.42,Quire
938,32 Di Loreto Lane,13.85,8.73,Babbleopia
939,03800 Anniversary Court,,,Edgeblab
940,21 Armistice Place,,,Gabtype
941,42 Hintze Plaza,16.32,18.47,Zoonder
942,85 Westend Terrace,,,Realbridge
943,636 Karstens Alley,,,Twinder
944,0356 Bowman Place,,,Agimba
945,1 Transport Circle,6.57,6.94,Izio
946,27529 Golf View Parkway,5.12,16.22,Kwinu
947,8526 Superior Terrace,,,Kimia
948,4 Hoepker Place,,,Jabbertype
949,08 Macpherson Terrace,15.71,8.13,Fliptune
950,1 Crownhardt Street,,,Realmix
951,4 Cherokee Drive,,,Gabspot
952,95 Longview Drive,,,Yata
953,2 Calypso Plaza,,,Shuffledrive
954,036 Norway Maple Alley,0.76,4.64,Cogidoo
955,8 Butternut Point,8.18,4.13,Jaxworks
956,5 Oriole Way,,,Dabshots
957,315 Golf Pass,11.02,14.76,Jabbercube
958,0 Paget Point,10.59,5.47,Oyonder
959,8 Nova Crossing,19.34,16.3,Skibox
960,9 Ruskin Lane,17.47,5.41,Bubblebox
961,62 Almo Junction,,,Blogtags
962,1 Menomonie Parkway,,,Skyble
963,818 Dixon Plaza,,,Katz
964,821 Nelson Avenue,7.42,8.31,Tanoodle
965,1070 Lighthouse Bay Plaza,21.42,10.34,Myworks
966,5703 Hermina Road,4.73,21.51,Flipopia
967,5229 Luster Place,,,Divape
968,0 West Circle,,,Photobug
969,72314 Scoville Terrace,11.33,19.68,Topicstorm
970,352 Drewry Place,,,Skyba
971,5 Sutteridge Hill,4.86,18.12,Roomm
972,37866 Hoard Alley,9.65,0.32,Eare
973,08 Eggendart Park,,,Aimbo
974,550 Claremont Place,2.71,9.49,Divavu
975,2152 Mallard Junction,3.69,9.83,Yakidoo
976,8191 Spaight Park,2.95,7.79,Yabox
977,68591 Pierstorff Point,,,Jamia
978,74476 Summerview Court,,,Linktype
979,31994 Knutson Circle,,,Youopia
980,98375 Manley Hill,,,Topicware
981,15907 Tennyson Way,,,Pixope
982,13 Old Shore Street,17.04,9.8,Zoombox
983,58 Quincy Circle,16.9,2.01,Pixonyx
984,66133 Hazelcrest Point,,,Jatri
985,5067 Eggendart Alley,3.19,13.45,Katz
986,4 1st Junction,10.79,5.4,Feedfish
987,3 Helena Lane,,,Avavee
988,30 Ilene Crossing,5.93,15.96,Pixope
989,4523 Linden Center,2.21,21.99,Podcat
990,104 Stephen Circle,17.36,22.77,Twitterbridge
991,43386 Mayfield Road,,,Camimbo
992,28 Sheridan Circle,,,Topicware
993,080 Loeprich Junction,2.01,1.85,Oloo
994,791 Little Fleur Park,,,Fiveclub
995,7 6th Drive,17.38,19.29,Izio
996,1968 Moulton Street,,,Lajo
997,44812 Sugar Center,,,Dabtype
998,0748 Reindahl Trail,19.6,21.49,Riffwire
999,6348 Randy Court,9.29,13.76,Realpoint
1000,4 Hansons Point,21.64,6.37,Vinte
