idHabitacion,categoria,compartido,tipo
501,product,Devolved,didactic
502,infrastructure,approach,solution-oriented
503,Open-source,Graphical User Interface,solution-oriented
504,regional,User-centric,Self-enabling
505,fault-tolerant,time-frame,encoding
506,throughput,migration,Ameliorated
507,reciprocal,human-resource,Down-sized
508,Proactive,fault-tolerant,orchestration
509,Future-proofed,coherent,secondary
510,client-server,initiative,Managed
511,multimedia,Optimized,standardization
512,conglomeration,composite,parallelism
513,orchestration,Fundamental,encoding
514,Enterprise-wide,Optimized,Multi-lateral
515,Organic,empowering,4th generation
516,Digitized,focus group,application
517,concept,Fundamental,User-centric
518,Public-key,open architecture,Cloned
519,systemic,productivity,high-level
520,Reduced,Reactive,Customer-focused
521,Organized,ability,moderator
522,parallelism,bi-directional,instruction set
523,local,background,monitoring
524,moderator,contextually-based,scalable
525,function,Up-sized,Exclusive
526,hybrid,standardization,zero administration
527,Implemented,adapter,Synergistic
528,internet solution,intermediate,Extended
529,intangible,Face to face,parallelism
530,Progressive,task-force,Secured
531,help-desk,Upgradable,multi-state
532,attitude-oriented,service-desk,hybrid
533,utilisation,portal,system-worthy
534,coherent,Balanced,scalable
535,local area network,user-facing,superstructure
536,Persistent,leading edge,frame
537,24 hour,Customizable,tangible
538,needs-based,value-added,disintermediate
539,Decentralized,Enhanced,interactive
540,database,help-desk,demand-driven
541,bi-directional,moratorium,Expanded
542,multimedia,web-enabled,context-sensitive
543,optimal,solution,Synergized
544,De-engineered,impactful,actuating
545,methodology,incremental,multi-tasking
546,Synergistic,multi-tasking,zero administration
547,definition,benchmark,interface
548,radical,optimizing,background
549,Stand-alone,well-modulated,cohesive
550,Implemented,Upgradable,focus group
551,Stand-alone,fault-tolerant,array
552,Pre-emptive,composite,Multi-lateral
553,Stand-alone,Innovative,toolset
554,Compatible,Customizable,Programmable
555,Profit-focused,Team-oriented,full-range
556,Team-oriented,Sharable,neutral
557,Customizable,multi-tasking,orchestration
558,empowering,analyzer,Right-sized
559,Synergistic,model,Decentralized
560,Digitized,system engine,Universal
561,process improvement,bi-directional,Intuitive
562,discrete,matrix,human-resource
563,Multi-tiered,Switchable,Visionary
564,Optimized,Organized,leverage
565,methodology,demand-driven,Programmable
566,initiative,adapter,Persistent
567,stable,secondary,maximized
568,cohesive,Expanded,intermediate
569,installation,attitude,structure
570,hub,approach,moratorium
571,Self-enabling,incremental,composite
572,secured line,interface,executive
573,Compatible,Versatile,mission-critical
574,clear-thinking,Future-proofed,maximized
575,groupware,encryption,actuating
576,firmware,installation,knowledge user
577,Persevering,impactful,product
578,hardware,Exclusive,Networked
579,dynamic,Object-based,algorithm
580,De-engineered,grid-enabled,fault-tolerant
581,Synergistic,Fundamental,coherent
582,Ameliorated,Innovative,intranet
583,algorithm,frame,Organized
584,radical,Vision-oriented,knowledge base
585,Cross-group,zero administration,intermediate
586,user-facing,stable,projection
587,Profit-focused,value-added,model
588,bifurcated,interactive,24/7
589,task-force,approach,protocol
590,attitude-oriented,capability,transitional
591,attitude-oriented,Reactive,Fully-configurable
592,benchmark,multi-tasking,eco-centric
593,challenge,didactic,secured line
594,context-sensitive,Networked,intangible
595,zero tolerance,fault-tolerant,workforce
596,matrices,productivity,artificial intelligence
597,Reduced,Function-based,24 hour
598,modular,4th generation,portal
599,Synergistic,contextually-based,fresh-thinking
600,moderator,stable,encompassing
601,Up-sized,Adaptive,Inverse
602,Synchronised,benchmark,discrete
603,benchmark,customer loyalty,clear-thinking
604,time-frame,matrix,Secured
605,Reactive,Triple-buffered,workforce
606,local,Integrated,Cross-group
607,multi-tasking,Profound,eco-centric
608,leverage,time-frame,monitoring
609,Quality-focused,pricing structure,implementation
610,system-worthy,standardization,Vision-oriented
611,framework,3rd generation,Proactive
612,productivity,cohesive,Configurable
613,Grass-roots,concept,Exclusive
614,non-volatile,throughput,protocol
615,Streamlined,methodical,Automated
616,success,secured line,Open-source
617,hybrid,intermediate,multimedia
618,zero administration,array,solution-oriented
619,disintermediate,Switchable,web-enabled
620,attitude,superstructure,database
621,multi-tasking,directional,Cross-group
622,project,leverage,Object-based
623,encryption,solution,stable
624,zero defect,background,Progressive
625,installation,transitional,concept
626,Open-architected,middleware,dedicated
627,capacity,Face to face,Re-engineered
628,Advanced,Open-architected,secondary
629,Expanded,Cross-platform,User-friendly
630,Ameliorated,contingency,migration
631,exuding,utilisation,Front-line
632,Vision-oriented,Horizontal,installation
633,monitoring,infrastructure,Persevering
634,initiative,bifurcated,Customer-focused
635,modular,national,national
636,Persevering,Reverse-engineered,monitoring
637,customer loyalty,orchestration,Realigned
638,bandwidth-monitored,Digitized,Polarised
639,flexibility,superstructure,database
640,product,mobile,Reduced
641,Multi-channelled,Object-based,Digitized
642,Operative,methodology,Extended
643,methodology,Fundamental,Fully-configurable
644,website,product,implementation
645,Persistent,Front-line,bifurcated
646,Total,Decentralized,attitude
647,modular,dynamic,grid-enabled
648,info-mediaries,multi-state,heuristic
649,Phased,Cross-group,migration
650,attitude,bi-directional,mission-critical
651,executive,task-force,emulation
652,zero administration,Reduced,Business-focused
653,needs-based,Devolved,Synchronised
654,Secured,challenge,optimizing
655,heuristic,Ameliorated,middleware
656,toolset,attitude,open system
657,contextually-based,knowledge user,algorithm
658,application,Centralized,Mandatory
659,Proactive,uniform,24 hour
660,strategy,mobile,Object-based
661,24/7,Customer-focused,flexibility
662,Fundamental,Decentralized,analyzer
663,24 hour,didactic,Visionary
664,human-resource,dynamic,demand-driven
665,Advanced,bandwidth-monitored,instruction set
666,architecture,utilisation,actuating
667,Vision-oriented,didactic,data-warehouse
668,responsive,client-driven,Expanded
669,approach,hierarchy,disintermediate
670,modular,next generation,maximized
671,local,asynchronous,client-server
672,Face to face,Assimilated,Streamlined
673,support,User-friendly,content-based
674,global,Visionary,leverage
675,pricing structure,Seamless,uniform
676,4th generation,process improvement,Compatible
677,Cross-platform,alliance,Front-line
678,zero tolerance,User-centric,Pre-emptive
679,Triple-buffered,Innovative,leverage
680,eco-centric,demand-driven,Synergistic
681,alliance,zero defect,array
682,incremental,artificial intelligence,moderator
683,complexity,Compatible,service-desk
684,well-modulated,interactive,Profit-focused
685,paradigm,Enhanced,Switchable
686,alliance,directional,disintermediate
687,systematic,regional,concept
688,ability,client-driven,discrete
689,Triple-buffered,Future-proofed,real-time
690,attitude,policy,bifurcated
691,interface,Intuitive,non-volatile
692,user-facing,Seamless,User-centric
693,Team-oriented,zero tolerance,leverage
694,full-range,Open-architected,Synergistic
695,Optional,Enterprise-wide,bifurcated
696,even-keeled,modular,hub
697,heuristic,global,process improvement
698,intermediate,Future-proofed,transitional
699,neutral,exuding,systemic
700,client-server,intranet,emulation
701,Persistent,moratorium,Monitored
702,Profit-focused,hub,Managed
703,Operative,next generation,Balanced
704,website,Reactive,local
705,value-added,implementation,knowledge user
706,infrastructure,focus group,Profound
707,definition,Multi-channelled,throughput
708,Customer-focused,solution,well-modulated
709,moratorium,encryption,Function-based
710,capability,uniform,Profit-focused
711,responsive,artificial intelligence,global
712,Advanced,Multi-layered,logistical
713,value-added,website,interactive
714,projection,client-driven,Cross-platform
715,migration,methodical,leverage
716,Optimized,access,dynamic
717,attitude,Quality-focused,zero tolerance
718,knowledge user,firmware,maximized
719,5th generation,Extended,adapter
720,national,algorithm,complexity
721,logistical,grid-enabled,client-driven
722,Synchronised,Multi-lateral,pricing structure
723,application,content-based,synergy
724,bottom-line,Optional,Multi-channelled
725,workforce,User-friendly,human-resource
726,service-desk,initiative,knowledge user
727,architecture,dedicated,Centralized
728,homogeneous,disintermediate,Proactive
729,internet solution,empowering,Synergistic
730,internet solution,Optional,strategy
731,global,Reverse-engineered,5th generation
732,incremental,User-centric,projection
733,bifurcated,Automated,Secured
734,implementation,ability,Face to face
735,standardization,contextually-based,capacity
736,conglomeration,capability,customer loyalty
737,contextually-based,attitude-oriented,Front-line
738,open architecture,conglomeration,Quality-focused
739,Expanded,Managed,protocol
740,success,zero defect,groupware
741,firmware,Assimilated,demand-driven
742,Down-sized,Compatible,hub
743,artificial intelligence,neutral,structure
744,Programmable,Expanded,intangible
745,middleware,Right-sized,next generation
746,grid-enabled,benchmark,systemic
747,optimizing,zero administration,artificial intelligence
748,capability,bi-directional,24/7
749,Optimized,algorithm,Face to face
750,Synchronised,capacity,system engine
751,Distributed,Pre-emptive,optimizing
752,next generation,human-resource,motivating
753,Streamlined,Right-sized,human-resource
754,Future-proofed,needs-based,benchmark
755,Streamlined,national,zero defect
756,De-engineered,Profit-focused,moratorium
757,uniform,frame,Front-line
758,Profound,bifurcated,Re-contextualized
759,Front-line,analyzing,Open-source
760,local area network,needs-based,reciprocal
761,encompassing,firmware,Enhanced
762,Triple-buffered,asymmetric,application
763,Programmable,Cloned,adapter
764,foreground,attitude-oriented,Programmable
765,encoding,Upgradable,client-server
766,motivating,interactive,Right-sized
767,full-range,bifurcated,throughput
768,tangible,adapter,Proactive
769,fault-tolerant,modular,methodology
770,Profit-focused,reciprocal,Team-oriented
771,object-oriented,systemic,adapter
772,User-friendly,Distributed,Versatile
773,national,Reactive,motivating
774,Compatible,software,algorithm
775,Customer-focused,Robust,reciprocal
776,groupware,Devolved,intranet
777,solution,open architecture,Front-line
778,groupware,upward-trending,Proactive
779,Innovative,Business-focused,product
780,Optional,neural-net,Versatile
781,website,foreground,process improvement
782,Decentralized,projection,actuating
783,Fundamental,Vision-oriented,background
784,intermediate,Customizable,methodology
785,system-worthy,client-server,object-oriented
786,hub,real-time,Open-source
787,superstructure,User-centric,User-friendly
788,systemic,cohesive,implementation
789,capacity,structure,initiative
790,fresh-thinking,Balanced,matrices
791,bi-directional,architecture,Vision-oriented
792,Expanded,non-volatile,impactful
793,analyzer,frame,system-worthy
794,infrastructure,next generation,interactive
795,Customer-focused,ability,tangible
796,Exclusive,framework,Exclusive
797,multi-tasking,optimizing,Adaptive
798,eco-centric,interactive,projection
799,firmware,flexibility,Profound
800,Proactive,complexity,Focused
801,responsive,logistical,groupware
802,conglomeration,internet solution,Open-architected
803,Progressive,hardware,zero administration
804,neutral,Cross-group,Object-based
805,emulation,Future-proofed,success
806,structure,data-warehouse,Enhanced
807,object-oriented,Configurable,Secured
808,background,array,Persistent
809,asymmetric,Expanded,Vision-oriented
810,protocol,bifurcated,orchestration
811,attitude-oriented,Diverse,Operative
812,attitude,system engine,4th generation
813,service-desk,adapter,tangible
814,ability,focus group,Switchable
815,bottom-line,systemic,methodology
816,standardization,customer loyalty,homogeneous
817,impactful,task-force,heuristic
818,secondary,forecast,array
819,systemic,Enhanced,implementation
820,Advanced,hybrid,Grass-roots
821,Profound,workforce,policy
822,incremental,24/7,policy
823,Automated,frame,frame
824,well-modulated,Object-based,framework
825,Robust,full-range,bottom-line
826,bottom-line,asymmetric,6th generation
827,Enterprise-wide,forecast,impactful
828,Reverse-engineered,Graphical User Interface,value-added
829,throughput,regional,array
830,zero administration,collaboration,incremental
831,Vision-oriented,Stand-alone,reciprocal
832,stable,pricing structure,groupware
833,firmware,instruction set,regional
834,strategy,instruction set,moratorium
835,Secured,analyzer,Graphic Interface
836,multimedia,analyzer,standardization
837,Ergonomic,Ergonomic,ability
838,user-facing,uniform,migration
839,secondary,transitional,executive
840,website,executive,Mandatory
841,model,Triple-buffered,Open-architected
842,Exclusive,budgetary management,data-warehouse
843,attitude-oriented,Exclusive,Triple-buffered
844,Multi-tiered,model,Polarised
845,concept,Cross-group,installation
846,pricing structure,info-mediaries,Re-engineered
847,Synergized,real-time,tangible
848,Streamlined,coherent,analyzing
849,architecture,complexity,local
850,toolset,Organized,systemic
851,intermediate,Cross-platform,throughput
852,Enterprise-wide,multimedia,multi-tasking
853,Managed,Right-sized,Organic
854,4th generation,Profound,Devolved
855,User-centric,leverage,neural-net
856,hardware,protocol,coherent
857,Optimized,Centralized,fresh-thinking
858,info-mediaries,Pre-emptive,structure
859,Reactive,software,Decentralized
860,functionalities,high-level,functionalities
861,Programmable,Triple-buffered,Optional
862,Exclusive,Inverse,standardization
863,fresh-thinking,composite,Optimized
864,Multi-lateral,didactic,migration
865,demand-driven,grid-enabled,time-frame
866,client-driven,standardization,static
867,static,Exclusive,encryption
868,success,explicit,approach
869,cohesive,24 hour,composite
870,next generation,portal,needs-based
871,bottom-line,Integrated,Advanced
872,Reduced,Function-based,heuristic
873,discrete,leading edge,neutral
874,time-frame,logistical,global
875,optimal,Phased,groupware
876,knowledge base,Persistent,Assimilated
877,composite,encryption,moratorium
878,intermediate,workforce,secondary
879,internet solution,upward-trending,Assimilated
880,Self-enabling,multi-tasking,Polarised
881,extranet,database,global
882,Cloned,flexibility,bottom-line
883,intranet,systemic,Focused
884,intranet,multimedia,Up-sized
885,framework,focus group,Enterprise-wide
886,approach,Realigned,moderator
887,Organized,Integrated,methodical
888,moderator,modular,software
889,Enhanced,Exclusive,Distributed
890,Grass-roots,executive,Up-sized
891,framework,modular,Integrated
892,Visionary,neural-net,Optional
893,Phased,Digitized,function
894,challenge,task-force,Reverse-engineered
895,Enterprise-wide,bifurcated,Monitored
896,protocol,responsive,asymmetric
897,methodology,Stand-alone,clear-thinking
898,secondary,Ergonomic,success
899,secured line,clear-thinking,web-enabled
900,Enhanced,needs-based,reciprocal
901,access,standardization,budgetary management
902,Re-engineered,human-resource,4th generation
903,Optional,installation,Multi-lateral
904,mission-critical,Centralized,Realigned
905,Self-enabling,solution-oriented,explicit
906,intermediate,coherent,Diverse
907,reciprocal,intermediate,next generation
908,attitude,regional,circuit
909,national,Fully-configurable,content-based
910,methodology,workforce,Inverse
911,info-mediaries,Multi-lateral,portal
912,disintermediate,non-volatile,national
913,Enhanced,explicit,approach
914,Realigned,functionalities,uniform
915,leverage,Self-enabling,array
916,protocol,Digitized,Diverse
917,systemic,solution-oriented,Self-enabling
918,challenge,Robust,knowledge base
919,Multi-channelled,infrastructure,database
920,Triple-buffered,zero administration,fault-tolerant
921,service-desk,context-sensitive,Expanded
922,matrices,analyzer,moderator
923,executive,User-friendly,groupware
924,5th generation,Proactive,Inverse
925,Future-proofed,Quality-focused,Innovative
926,interface,Open-architected,productivity
927,Right-sized,Multi-layered,service-desk
928,context-sensitive,zero defect,Reactive
929,Optional,Cloned,application
930,zero tolerance,success,standardization
931,Progressive,Reverse-engineered,conglomeration
932,bi-directional,service-desk,coherent
933,Triple-buffered,installation,Fully-configurable
934,systematic,Open-source,disintermediate
935,firmware,leading edge,open architecture
936,Versatile,paradigm,zero administration
937,support,impactful,systematic
938,Enterprise-wide,encryption,Reduced
939,customer loyalty,Organic,Adaptive
940,Multi-layered,Ameliorated,Expanded
941,intranet,model,bandwidth-monitored
942,Public-key,Grass-roots,Automated
943,internet solution,bottom-line,hardware
944,maximized,methodology,Front-line
945,value-added,utilisation,frame
946,Enhanced,toolset,encoding
947,array,value-added,Organized
948,Implemented,installation,Realigned
949,customer loyalty,radical,hub
950,Horizontal,leading edge,core
951,demand-driven,attitude,extranet
952,clear-thinking,initiative,Down-sized
953,projection,holistic,focus group
954,Reverse-engineered,middleware,Future-proofed
955,migration,impactful,Enterprise-wide
956,customer loyalty,Operative,holistic
957,needs-based,contextually-based,motivating
958,Ameliorated,24 hour,utilisation
959,Quality-focused,Innovative,function
960,knowledge base,middleware,Advanced
961,Fundamental,system engine,Balanced
962,Switchable,interactive,infrastructure
963,foreground,Organized,5th generation
964,Future-proofed,object-oriented,human-resource
965,circuit,composite,Reduced
966,secured line,installation,uniform
967,Multi-lateral,Enhanced,Multi-lateral
968,4th generation,Re-engineered,forecast
969,context-sensitive,24 hour,regional
970,Public-key,interface,Programmable
971,bifurcated,coherent,Synchronised
972,Synergized,Organic,task-force
973,Team-oriented,Phased,structure
974,Expanded,Balanced,context-sensitive
975,installation,multi-state,didactic
976,task-force,client-driven,infrastructure
977,Multi-tiered,analyzer,Graphic Interface
978,task-force,next generation,foreground
979,Organic,even-keeled,web-enabled
980,Multi-lateral,User-friendly,approach
981,Balanced,Implemented,Reverse-engineered
982,Visionary,Configurable,Multi-lateral
983,Programmable,Decentralized,adapter
984,forecast,benchmark,functionalities
985,access,transitional,object-oriented
986,Monitored,fresh-thinking,fault-tolerant
987,exuding,bi-directional,interactive
988,even-keeled,Persevering,6th generation
989,Implemented,Team-oriented,Reactive
990,functionalities,Progressive,Intuitive
991,benchmark,clear-thinking,methodology
992,Synergistic,Inverse,Open-architected
993,maximized,Switchable,actuating
994,Horizontal,Mandatory,intangible
995,4th generation,Total,data-warehouse
996,Phased,explicit,neural-net
997,attitude,directional,contingency
998,upward-trending,Optimized,protocol
999,Implemented,Versatile,software
1000,encryption,contingency,Self-enabling
