idApartamento,menaje,numHabitaciones
1,"Vivamus metus arcu, adipiscing molestie, hendrerit at, vulputate vitae, nisl. Aenean lectus. Pellentesque eget nunc.",3
2,Maecenas rhoncus aliquam lacus. Morbi quis tortor id nulla ultrices aliquet.,5
3,In sagittis dui vel nisl. Duis ac nibh.,4
4,"In blandit ultrices enim. Lorem ipsum dolor sit amet, consectetuer adipiscing elit. Proin interdum mauris non ligula pellentesque ultrices.",5
5,Nulla tempus.,3
6,Aenean lectus. Pellentesque eget nunc.,1
7,"Vestibulum quam sapien, varius ut, blandit non, interdum in, ante. Vestibulum ante ipsum primis in faucibus orci luctus et ultrices posuere cubilia Curae; Duis faucibus accumsan odio.",1
8,Proin at turpis a pede posuere nonummy.,1
9,Donec dapibus. Duis at velit eu est congue elementum.,3
10,"Morbi vel lectus in quam fringilla rhoncus. Mauris enim leo, rhoncus sed, vestibulum sit amet, cursus id, turpis. Integer aliquet, massa id lobortis convallis, tortor risus dapibus augue, vel accumsan tellus nisi eu orci.",3
11,In hac habitasse platea dictumst. Maecenas ut massa quis augue luctus tincidunt.,1
12,"Aliquam augue quam, sollicitudin vitae, consectetuer eget, rutrum at, lorem. Integer tincidunt ante vel ipsum. Praesent blandit lacinia erat.",3
13,Pellentesque eget nunc. Donec quis orci eget orci vehicula condimentum. Curabitur in libero ut massa volutpat convallis.,4
14,Donec dapibus. Duis at velit eu est congue elementum.,5
15,Praesent blandit. Nam nulla.,1
16,Etiam pretium iaculis justo. In hac habitasse platea dictumst. Etiam faucibus cursus urna.,1
17,"Aliquam augue quam, sollicitudin vitae, consectetuer eget, rutrum at, lorem.",2
18,Integer ac leo.,5
19,Praesent id massa id nisl venenatis lacinia. Aenean sit amet justo.,5
20,Sed ante.,1
21,Integer non velit.,3
22,Aenean auctor gravida sem.,5
23,Quisque id justo sit amet sapien dignissim vestibulum.,3
24,In eleifend quam a odio.,2
25,Duis mattis egestas metus. Aenean fermentum. Donec ut mauris eget massa tempor convallis.,1
26,Pellentesque at nulla.,3
27,"Morbi quis tortor id nulla ultrices aliquet. Maecenas leo odio, condimentum id, luctus nec, molestie sed, justo. Pellentesque viverra pede ac diam.",4
28,Etiam pretium iaculis justo. In hac habitasse platea dictumst. Etiam faucibus cursus urna.,2
29,Aliquam erat volutpat. In congue. Etiam justo.,5
30,"Morbi ut odio. Cras mi pede, malesuada in, imperdiet et, commodo vulputate, justo.",3
31,"Proin leo odio, porttitor id, consequat in, consequat ut, nulla.",5
32,Nam nulla.,3
33,Mauris lacinia sapien quis libero. Nullam sit amet turpis elementum ligula vehicula consequat.,4
34,Duis aliquam convallis nunc. Proin at turpis a pede posuere nonummy. Integer non velit.,1
35,Aliquam sit amet diam in magna bibendum imperdiet.,2
36,"In blandit ultrices enim. Lorem ipsum dolor sit amet, consectetuer adipiscing elit.",5
37,"Cum sociis natoque penatibus et magnis dis parturient montes, nascetur ridiculus mus.",3
38,"Sed sagittis. Nam congue, risus semper porta volutpat, quam pede lobortis ligula, sit amet eleifend pede libero quis orci. Nullam molestie nibh in lectus.",1
39,In hac habitasse platea dictumst. Etiam faucibus cursus urna. Ut tellus.,4
40,Nulla facilisi. Cras non velit nec nisi vulputate nonummy. Maecenas tincidunt lacus at velit.,4
41,Aenean lectus. Pellentesque eget nunc. Donec quis orci eget orci vehicula condimentum.,3
42,Sed ante.,4
43,"Proin at turpis a pede posuere nonummy. Integer non velit. Donec diam neque, vestibulum eget, vulputate ut, ultrices vel, augue.",1
44,"Integer aliquet, massa id lobortis convallis, tortor risus dapibus augue, vel accumsan tellus nisi eu orci. Mauris lacinia sapien quis libero. Nullam sit amet turpis elementum ligula vehicula consequat.",4
45,Sed accumsan felis. Ut at dolor quis odio consequat varius. Integer ac leo.,3
46,"Integer pede justo, lacinia eget, tincidunt eget, tempus vel, pede.",4
47,"Cum sociis natoque penatibus et magnis dis parturient montes, nascetur ridiculus mus.",3
48,Etiam pretium iaculis justo. In hac habitasse platea dictumst.,3
49,"Morbi quis tortor id nulla ultrices aliquet. Maecenas leo odio, condimentum id, luctus nec, molestie sed, justo. Pellentesque viverra pede ac diam.",4
50,Pellentesque eget nunc. Donec quis orci eget orci vehicula condimentum. Curabitur in libero ut massa volutpat convallis.,5
51,"In tempor, turpis nec euismod scelerisque, quam turpis adipiscing lorem, vitae mattis nibh ligula nec sem. Duis aliquam convallis nunc. Proin at turpis a pede posuere nonummy.",2
52,Duis at velit eu est congue elementum. In hac habitasse platea dictumst.,4
53,"Aenean fermentum. Donec ut mauris eget massa tempor convallis. Nulla neque libero, convallis eget, eleifend luctus, ultricies eu, nibh.",3
54,"Vivamus vestibulum sagittis sapien. Cum sociis natoque penatibus et magnis dis parturient montes, nascetur ridiculus mus. Etiam vel augue.",2
55,"Nam ultrices, libero non mattis pulvinar, nulla pede ullamcorper augue, a suscipit nulla elit ac nulla. Sed vel enim sit amet nunc viverra dapibus. Nulla suscipit ligula in lacus.",1
56,"Fusce lacus purus, aliquet at, feugiat non, pretium quis, lectus. Suspendisse potenti. In eleifend quam a odio.",5
57,Morbi vel lectus in quam fringilla rhoncus.,4
58,Proin interdum mauris non ligula pellentesque ultrices. Phasellus id sapien in sapien iaculis congue.,1
59,Maecenas ut massa quis augue luctus tincidunt.,1
60,In hac habitasse platea dictumst. Etiam faucibus cursus urna. Ut tellus.,3
61,Fusce posuere felis sed lacus.,2
62,"In blandit ultrices enim. Lorem ipsum dolor sit amet, consectetuer adipiscing elit. Proin interdum mauris non ligula pellentesque ultrices.",5
63,Integer a nibh.,1
64,Morbi a ipsum.,4
65,"Mauris enim leo, rhoncus sed, vestibulum sit amet, cursus id, turpis.",5
66,"Nam congue, risus semper porta volutpat, quam pede lobortis ligula, sit amet eleifend pede libero quis orci.",4
67,"In est risus, auctor sed, tristique in, tempus sit amet, sem.",3
68,"Integer aliquet, massa id lobortis convallis, tortor risus dapibus augue, vel accumsan tellus nisi eu orci. Mauris lacinia sapien quis libero. Nullam sit amet turpis elementum ligula vehicula consequat.",4
69,"Integer non velit. Donec diam neque, vestibulum eget, vulputate ut, ultrices vel, augue.",4
70,Praesent id massa id nisl venenatis lacinia. Aenean sit amet justo.,2
71,Nulla suscipit ligula in lacus. Curabitur at ipsum ac tellus semper interdum.,2
72,Nulla facilisi. Cras non velit nec nisi vulputate nonummy. Maecenas tincidunt lacus at velit.,2
73,Aenean fermentum.,3
74,Phasellus in felis. Donec semper sapien a libero. Nam dui.,3
75,"Morbi vel lectus in quam fringilla rhoncus. Mauris enim leo, rhoncus sed, vestibulum sit amet, cursus id, turpis.",4
76,Integer ac neque. Duis bibendum.,2
77,"Vestibulum ac est lacinia nisi venenatis tristique. Fusce congue, diam id ornare imperdiet, sapien urna pretium nisl, ut volutpat sapien arcu sed augue. Aliquam erat volutpat.",3
78,In congue.,2
79,Donec dapibus. Duis at velit eu est congue elementum. In hac habitasse platea dictumst.,5
80,"Mauris ullamcorper purus sit amet nulla. Quisque arcu libero, rutrum ac, lobortis vel, dapibus at, diam.",1
81,Vivamus vel nulla eget eros elementum pellentesque. Quisque porta volutpat erat.,4
82,Duis mattis egestas metus. Aenean fermentum.,5
83,Nulla tellus.,2
84,"Fusce congue, diam id ornare imperdiet, sapien urna pretium nisl, ut volutpat sapien arcu sed augue.",3
85,Ut at dolor quis odio consequat varius.,4
86,Donec posuere metus vitae ipsum. Aliquam non mauris. Morbi non lectus.,2
87,"Suspendisse ornare consequat lectus. In est risus, auctor sed, tristique in, tempus sit amet, sem. Fusce consequat.",3
88,"Sed sagittis. Nam congue, risus semper porta volutpat, quam pede lobortis ligula, sit amet eleifend pede libero quis orci. Nullam molestie nibh in lectus.",3
89,Quisque ut erat. Curabitur gravida nisi at nibh. In hac habitasse platea dictumst.,2
90,"Vivamus metus arcu, adipiscing molestie, hendrerit at, vulputate vitae, nisl. Aenean lectus.",2
91,"Vestibulum ac est lacinia nisi venenatis tristique. Fusce congue, diam id ornare imperdiet, sapien urna pretium nisl, ut volutpat sapien arcu sed augue.",4
92,Vivamus tortor. Duis mattis egestas metus. Aenean fermentum.,1
93,Vivamus in felis eu sapien cursus vestibulum.,1
94,Aenean lectus. Pellentesque eget nunc. Donec quis orci eget orci vehicula condimentum.,2
95,Etiam justo. Etiam pretium iaculis justo. In hac habitasse platea dictumst.,1
96,Proin interdum mauris non ligula pellentesque ultrices. Phasellus id sapien in sapien iaculis congue.,2
97,Vestibulum rutrum rutrum neque. Aenean auctor gravida sem. Praesent id massa id nisl venenatis lacinia.,5
98,Suspendisse accumsan tortor quis turpis. Sed ante.,5
99,Aenean fermentum. Donec ut mauris eget massa tempor convallis.,2
100,Nullam molestie nibh in lectus. Pellentesque at nulla.,1
101,Donec dapibus. Duis at velit eu est congue elementum. In hac habitasse platea dictumst.,4
102,Suspendisse potenti. In eleifend quam a odio. In hac habitasse platea dictumst.,2
103,Quisque ut erat.,5
104,Integer tincidunt ante vel ipsum.,1
105,Maecenas pulvinar lobortis est.,2
106,"Donec diam neque, vestibulum eget, vulputate ut, ultrices vel, augue.",3
107,"Nunc nisl. Duis bibendum, felis sed interdum venenatis, turpis enim blandit mi, in porttitor pede justo eu massa.",4
108,"Morbi vestibulum, velit id pretium iaculis, diam erat fermentum justo, nec condimentum neque sapien placerat ante. Nulla justo. Aliquam quis turpis eget elit sodales scelerisque.",3
109,"Integer aliquet, massa id lobortis convallis, tortor risus dapibus augue, vel accumsan tellus nisi eu orci. Mauris lacinia sapien quis libero.",5
110,Duis consequat dui nec nisi volutpat eleifend. Donec ut dolor.,3
111,Morbi porttitor lorem id ligula.,1
112,Nulla ut erat id mauris vulputate elementum.,4
113,"Lorem ipsum dolor sit amet, consectetuer adipiscing elit. Proin interdum mauris non ligula pellentesque ultrices. Phasellus id sapien in sapien iaculis congue.",4
114,In hac habitasse platea dictumst. Etiam faucibus cursus urna. Ut tellus.,1
115,"Fusce lacus purus, aliquet at, feugiat non, pretium quis, lectus. Suspendisse potenti. In eleifend quam a odio.",1
116,"Donec quis orci eget orci vehicula condimentum. Curabitur in libero ut massa volutpat convallis. Morbi odio odio, elementum eu, interdum eu, tincidunt in, leo.",1
117,"Nullam orci pede, venenatis non, sodales sed, tincidunt eu, felis. Fusce posuere felis sed lacus. Morbi sem mauris, laoreet ut, rhoncus aliquet, pulvinar sed, nisl.",4
118,"Donec odio justo, sollicitudin ut, suscipit a, feugiat et, eros.",1
119,Duis aliquam convallis nunc. Proin at turpis a pede posuere nonummy. Integer non velit.,4
120,"Lorem ipsum dolor sit amet, consectetuer adipiscing elit.",5
121,"Lorem ipsum dolor sit amet, consectetuer adipiscing elit. Proin interdum mauris non ligula pellentesque ultrices. Phasellus id sapien in sapien iaculis congue.",1
122,Vivamus tortor. Duis mattis egestas metus. Aenean fermentum.,5
123,"Cras mi pede, malesuada in, imperdiet et, commodo vulputate, justo.",5
124,Mauris lacinia sapien quis libero. Nullam sit amet turpis elementum ligula vehicula consequat. Morbi a ipsum.,3
125,Aenean sit amet justo.,4
126,Morbi porttitor lorem id ligula.,5
127,"In hac habitasse platea dictumst. Aliquam augue quam, sollicitudin vitae, consectetuer eget, rutrum at, lorem. Integer tincidunt ante vel ipsum.",2
128,"Mauris ullamcorper purus sit amet nulla. Quisque arcu libero, rutrum ac, lobortis vel, dapibus at, diam.",1
129,"Aliquam augue quam, sollicitudin vitae, consectetuer eget, rutrum at, lorem.",4
130,Nullam sit amet turpis elementum ligula vehicula consequat. Morbi a ipsum.,4
131,Morbi porttitor lorem id ligula. Suspendisse ornare consequat lectus.,1
132,Etiam faucibus cursus urna. Ut tellus.,2
133,"Mauris enim leo, rhoncus sed, vestibulum sit amet, cursus id, turpis. Integer aliquet, massa id lobortis convallis, tortor risus dapibus augue, vel accumsan tellus nisi eu orci.",2
134,"Vestibulum ante ipsum primis in faucibus orci luctus et ultrices posuere cubilia Curae; Donec pharetra, magna vestibulum aliquet ultrices, erat tortor sollicitudin mi, sit amet lobortis sapien sapien non mi.",2
135,Vivamus vel nulla eget eros elementum pellentesque. Quisque porta volutpat erat.,3
136,Quisque ut erat.,2
137,Duis mattis egestas metus.,2
138,"In est risus, auctor sed, tristique in, tempus sit amet, sem. Fusce consequat.",2
139,Praesent lectus.,5
140,"Proin leo odio, porttitor id, consequat in, consequat ut, nulla. Sed accumsan felis. Ut at dolor quis odio consequat varius.",5
141,"Quisque erat eros, viverra eget, congue eget, semper rutrum, nulla. Nunc purus. Phasellus in felis.",2
142,Etiam faucibus cursus urna.,5
143,"Mauris enim leo, rhoncus sed, vestibulum sit amet, cursus id, turpis. Integer aliquet, massa id lobortis convallis, tortor risus dapibus augue, vel accumsan tellus nisi eu orci. Mauris lacinia sapien quis libero.",1
144,"In est risus, auctor sed, tristique in, tempus sit amet, sem.",4
145,Sed accumsan felis.,2
146,"Duis ac nibh. Fusce lacus purus, aliquet at, feugiat non, pretium quis, lectus. Suspendisse potenti.",2
147,Aenean fermentum.,4
148,In blandit ultrices enim.,1
149,"Aliquam augue quam, sollicitudin vitae, consectetuer eget, rutrum at, lorem. Integer tincidunt ante vel ipsum. Praesent blandit lacinia erat.",2
150,Integer ac leo. Pellentesque ultrices mattis odio.,2
151,In hac habitasse platea dictumst. Etiam faucibus cursus urna.,2
152,"Duis bibendum, felis sed interdum venenatis, turpis enim blandit mi, in porttitor pede justo eu massa. Donec dapibus.",3
153,Maecenas rhoncus aliquam lacus.,2
154,Aliquam quis turpis eget elit sodales scelerisque. Mauris sit amet eros.,3
155,Quisque ut erat. Curabitur gravida nisi at nibh. In hac habitasse platea dictumst.,1
156,Ut tellus. Nulla ut erat id mauris vulputate elementum.,5
157,Nulla suscipit ligula in lacus. Curabitur at ipsum ac tellus semper interdum.,1
158,"Aenean sit amet justo. Morbi ut odio. Cras mi pede, malesuada in, imperdiet et, commodo vulputate, justo.",1
159,Phasellus sit amet erat.,4
160,"Maecenas leo odio, condimentum id, luctus nec, molestie sed, justo. Pellentesque viverra pede ac diam.",2
161,Aliquam non mauris. Morbi non lectus.,3
162,Fusce posuere felis sed lacus.,4
163,Vivamus vel nulla eget eros elementum pellentesque.,4
164,"Cras mi pede, malesuada in, imperdiet et, commodo vulputate, justo.",5
165,Quisque id justo sit amet sapien dignissim vestibulum.,3
166,Aliquam quis turpis eget elit sodales scelerisque.,5
167,Praesent blandit.,4
168,"Sed sagittis. Nam congue, risus semper porta volutpat, quam pede lobortis ligula, sit amet eleifend pede libero quis orci. Nullam molestie nibh in lectus.",5
169,"Nam dui. Proin leo odio, porttitor id, consequat in, consequat ut, nulla.",5
170,"Lorem ipsum dolor sit amet, consectetuer adipiscing elit.",3
171,In eleifend quam a odio.,2
172,Duis bibendum. Morbi non quam nec dui luctus rutrum.,2
173,"Praesent blandit. Nam nulla. Integer pede justo, lacinia eget, tincidunt eget, tempus vel, pede.",1
174,"Integer aliquet, massa id lobortis convallis, tortor risus dapibus augue, vel accumsan tellus nisi eu orci. Mauris lacinia sapien quis libero.",5
175,Donec quis orci eget orci vehicula condimentum. Curabitur in libero ut massa volutpat convallis.,1
176,Phasellus in felis.,2
177,"Duis ac nibh. Fusce lacus purus, aliquet at, feugiat non, pretium quis, lectus.",4
178,Vestibulum sed magna at nunc commodo placerat.,5
179,In quis justo. Maecenas rhoncus aliquam lacus. Morbi quis tortor id nulla ultrices aliquet.,5
180,"Aenean sit amet justo. Morbi ut odio. Cras mi pede, malesuada in, imperdiet et, commodo vulputate, justo.",5
181,Vestibulum ante ipsum primis in faucibus orci luctus et ultrices posuere cubilia Curae; Mauris viverra diam vitae quam. Suspendisse potenti.,1
182,"Donec odio justo, sollicitudin ut, suscipit a, feugiat et, eros. Vestibulum ac est lacinia nisi venenatis tristique.",1
183,Morbi porttitor lorem id ligula.,1
184,"Integer aliquet, massa id lobortis convallis, tortor risus dapibus augue, vel accumsan tellus nisi eu orci. Mauris lacinia sapien quis libero. Nullam sit amet turpis elementum ligula vehicula consequat.",4
185,Nulla mollis molestie lorem. Quisque ut erat. Curabitur gravida nisi at nibh.,3
186,"Nulla neque libero, convallis eget, eleifend luctus, ultricies eu, nibh. Quisque id justo sit amet sapien dignissim vestibulum. Vestibulum ante ipsum primis in faucibus orci luctus et ultrices posuere cubilia Curae; Nulla dapibus dolor vel est.",1
187,Morbi non lectus.,1
188,Suspendisse accumsan tortor quis turpis.,1
189,"Vestibulum quam sapien, varius ut, blandit non, interdum in, ante. Vestibulum ante ipsum primis in faucibus orci luctus et ultrices posuere cubilia Curae; Duis faucibus accumsan odio.",3
190,"Lorem ipsum dolor sit amet, consectetuer adipiscing elit.",1
191,Proin eu mi. Nulla ac enim.,3
192,"Duis bibendum, felis sed interdum venenatis, turpis enim blandit mi, in porttitor pede justo eu massa.",4
193,"Integer non velit. Donec diam neque, vestibulum eget, vulputate ut, ultrices vel, augue. Vestibulum ante ipsum primis in faucibus orci luctus et ultrices posuere cubilia Curae; Donec pharetra, magna vestibulum aliquet ultrices, erat tortor sollicitudin mi, sit amet lobortis sapien sapien non mi.",3
194,Etiam pretium iaculis justo.,4
195,Morbi non quam nec dui luctus rutrum. Nulla tellus.,5
196,Integer ac leo.,2
197,"Morbi vestibulum, velit id pretium iaculis, diam erat fermentum justo, nec condimentum neque sapien placerat ante. Nulla justo.",5
198,Nulla mollis molestie lorem.,4
199,"Donec ut dolor. Morbi vel lectus in quam fringilla rhoncus. Mauris enim leo, rhoncus sed, vestibulum sit amet, cursus id, turpis.",1
200,"Vivamus vestibulum sagittis sapien. Cum sociis natoque penatibus et magnis dis parturient montes, nascetur ridiculus mus.",5
201,Maecenas ut massa quis augue luctus tincidunt. Nulla mollis molestie lorem.,1
202,"Nulla nisl. Nunc nisl. Duis bibendum, felis sed interdum venenatis, turpis enim blandit mi, in porttitor pede justo eu massa.",5
203,"Mauris ullamcorper purus sit amet nulla. Quisque arcu libero, rutrum ac, lobortis vel, dapibus at, diam. Nam tristique tortor eu pede.",3
204,"Morbi sem mauris, laoreet ut, rhoncus aliquet, pulvinar sed, nisl. Nunc rhoncus dui vel sem.",4
205,Maecenas pulvinar lobortis est.,1
206,Nunc purus. Phasellus in felis. Donec semper sapien a libero.,5
207,"Morbi non lectus. Aliquam sit amet diam in magna bibendum imperdiet. Nullam orci pede, venenatis non, sodales sed, tincidunt eu, felis.",1
208,Nulla tempus.,5
209,Nullam porttitor lacus at turpis. Donec posuere metus vitae ipsum. Aliquam non mauris.,3
210,"Morbi non lectus. Aliquam sit amet diam in magna bibendum imperdiet. Nullam orci pede, venenatis non, sodales sed, tincidunt eu, felis.",1
211,"Sed sagittis. Nam congue, risus semper porta volutpat, quam pede lobortis ligula, sit amet eleifend pede libero quis orci.",3
212,Nulla justo.,3
213,"Cras mi pede, malesuada in, imperdiet et, commodo vulputate, justo. In blandit ultrices enim.",4
214,"Proin interdum mauris non ligula pellentesque ultrices. Phasellus id sapien in sapien iaculis congue. Vivamus metus arcu, adipiscing molestie, hendrerit at, vulputate vitae, nisl.",5
215,Nulla mollis molestie lorem.,4
216,"Quisque erat eros, viverra eget, congue eget, semper rutrum, nulla. Nunc purus. Phasellus in felis.",2
217,Praesent blandit.,5
218,Proin at turpis a pede posuere nonummy.,4
219,Phasellus id sapien in sapien iaculis congue.,1
220,"Sed sagittis. Nam congue, risus semper porta volutpat, quam pede lobortis ligula, sit amet eleifend pede libero quis orci. Nullam molestie nibh in lectus.",2
221,"Nam nulla. Integer pede justo, lacinia eget, tincidunt eget, tempus vel, pede. Morbi porttitor lorem id ligula.",1
222,"Donec odio justo, sollicitudin ut, suscipit a, feugiat et, eros. Vestibulum ac est lacinia nisi venenatis tristique. Fusce congue, diam id ornare imperdiet, sapien urna pretium nisl, ut volutpat sapien arcu sed augue.",3
223,"Vivamus metus arcu, adipiscing molestie, hendrerit at, vulputate vitae, nisl. Aenean lectus.",4
224,"Curabitur in libero ut massa volutpat convallis. Morbi odio odio, elementum eu, interdum eu, tincidunt in, leo.",5
225,"Proin leo odio, porttitor id, consequat in, consequat ut, nulla.",2
226,Curabitur in libero ut massa volutpat convallis.,1
227,Morbi ut odio.,5
228,"Nulla neque libero, convallis eget, eleifend luctus, ultricies eu, nibh.",1
229,Praesent lectus.,1
230,Etiam justo. Etiam pretium iaculis justo.,1
231,"Sed sagittis. Nam congue, risus semper porta volutpat, quam pede lobortis ligula, sit amet eleifend pede libero quis orci. Nullam molestie nibh in lectus.",1
232,"Morbi sem mauris, laoreet ut, rhoncus aliquet, pulvinar sed, nisl. Nunc rhoncus dui vel sem. Sed sagittis.",4
233,Vestibulum ante ipsum primis in faucibus orci luctus et ultrices posuere cubilia Curae; Mauris viverra diam vitae quam. Suspendisse potenti. Nullam porttitor lacus at turpis.,2
234,Vivamus in felis eu sapien cursus vestibulum.,3
235,Nunc purus.,4
236,"Nulla neque libero, convallis eget, eleifend luctus, ultricies eu, nibh.",5
237,"Nulla ac enim. In tempor, turpis nec euismod scelerisque, quam turpis adipiscing lorem, vitae mattis nibh ligula nec sem.",1
238,"Aliquam sit amet diam in magna bibendum imperdiet. Nullam orci pede, venenatis non, sodales sed, tincidunt eu, felis.",1
239,Curabitur at ipsum ac tellus semper interdum.,2
240,Pellentesque ultrices mattis odio.,4
241,"In est risus, auctor sed, tristique in, tempus sit amet, sem. Fusce consequat. Nulla nisl.",2
242,Phasellus id sapien in sapien iaculis congue.,3
243,Vestibulum ante ipsum primis in faucibus orci luctus et ultrices posuere cubilia Curae; Nulla dapibus dolor vel est.,3
244,"Nulla neque libero, convallis eget, eleifend luctus, ultricies eu, nibh.",5
245,Sed vel enim sit amet nunc viverra dapibus. Nulla suscipit ligula in lacus. Curabitur at ipsum ac tellus semper interdum.,3
246,Pellentesque ultrices mattis odio.,2
247,Duis mattis egestas metus. Aenean fermentum.,5
248,In quis justo. Maecenas rhoncus aliquam lacus. Morbi quis tortor id nulla ultrices aliquet.,4
249,"Duis ac nibh. Fusce lacus purus, aliquet at, feugiat non, pretium quis, lectus.",1
250,"Cras pellentesque volutpat dui. Maecenas tristique, est et tempus semper, est quam pharetra magna, ac consequat metus sapien ut nunc. Vestibulum ante ipsum primis in faucibus orci luctus et ultrices posuere cubilia Curae; Mauris viverra diam vitae quam.",1
251,"Donec vitae nisi. Nam ultrices, libero non mattis pulvinar, nulla pede ullamcorper augue, a suscipit nulla elit ac nulla. Sed vel enim sit amet nunc viverra dapibus.",1
252,Nulla ut erat id mauris vulputate elementum.,5
253,Morbi non lectus. Aliquam sit amet diam in magna bibendum imperdiet.,1
254,"Maecenas leo odio, condimentum id, luctus nec, molestie sed, justo. Pellentesque viverra pede ac diam.",2
255,Nulla suscipit ligula in lacus. Curabitur at ipsum ac tellus semper interdum.,5
256,"Nulla ac enim. In tempor, turpis nec euismod scelerisque, quam turpis adipiscing lorem, vitae mattis nibh ligula nec sem. Duis aliquam convallis nunc.",1
257,"Lorem ipsum dolor sit amet, consectetuer adipiscing elit. Proin interdum mauris non ligula pellentesque ultrices. Phasellus id sapien in sapien iaculis congue.",3
258,Duis bibendum.,5
259,"Vivamus metus arcu, adipiscing molestie, hendrerit at, vulputate vitae, nisl. Aenean lectus. Pellentesque eget nunc.",4
260,Nunc purus. Phasellus in felis.,2
261,Praesent id massa id nisl venenatis lacinia. Aenean sit amet justo.,1
262,"Fusce lacus purus, aliquet at, feugiat non, pretium quis, lectus.",3
263,"Curabitur in libero ut massa volutpat convallis. Morbi odio odio, elementum eu, interdum eu, tincidunt in, leo.",5
264,"Proin risus. Praesent lectus. Vestibulum quam sapien, varius ut, blandit non, interdum in, ante.",1
265,"In hac habitasse platea dictumst. Aliquam augue quam, sollicitudin vitae, consectetuer eget, rutrum at, lorem. Integer tincidunt ante vel ipsum.",4
266,Maecenas tincidunt lacus at velit.,2
267,Nulla tellus. In sagittis dui vel nisl.,3
268,Praesent id massa id nisl venenatis lacinia.,2
269,Proin interdum mauris non ligula pellentesque ultrices.,4
270,Integer tincidunt ante vel ipsum. Praesent blandit lacinia erat. Vestibulum sed magna at nunc commodo placerat.,1
271,In sagittis dui vel nisl. Duis ac nibh.,5
272,Sed accumsan felis. Ut at dolor quis odio consequat varius. Integer ac leo.,3
273,Morbi porttitor lorem id ligula.,1
274,Nam nulla.,1
275,Sed ante.,1
276,Phasellus id sapien in sapien iaculis congue.,4
277,"Donec vitae nisi. Nam ultrices, libero non mattis pulvinar, nulla pede ullamcorper augue, a suscipit nulla elit ac nulla.",5
278,"Morbi odio odio, elementum eu, interdum eu, tincidunt in, leo.",5
279,Duis ac nibh.,1
280,Morbi a ipsum.,5
281,Curabitur in libero ut massa volutpat convallis.,5
282,Aliquam sit amet diam in magna bibendum imperdiet.,4
283,Cras non velit nec nisi vulputate nonummy.,2
284,"Quisque erat eros, viverra eget, congue eget, semper rutrum, nulla.",1
285,Pellentesque viverra pede ac diam. Cras pellentesque volutpat dui.,1
286,Ut at dolor quis odio consequat varius. Integer ac leo. Pellentesque ultrices mattis odio.,5
287,Quisque ut erat.,2
288,"Nullam orci pede, venenatis non, sodales sed, tincidunt eu, felis. Fusce posuere felis sed lacus.",3
289,Aenean auctor gravida sem.,3
290,Nulla mollis molestie lorem. Quisque ut erat. Curabitur gravida nisi at nibh.,4
291,"Nullam orci pede, venenatis non, sodales sed, tincidunt eu, felis. Fusce posuere felis sed lacus. Morbi sem mauris, laoreet ut, rhoncus aliquet, pulvinar sed, nisl.",1
292,"In tempor, turpis nec euismod scelerisque, quam turpis adipiscing lorem, vitae mattis nibh ligula nec sem.",5
293,Nunc purus. Phasellus in felis. Donec semper sapien a libero.,4
294,Nunc nisl.,2
295,Nulla tempus. Vivamus in felis eu sapien cursus vestibulum. Proin eu mi.,5
296,"Integer pede justo, lacinia eget, tincidunt eget, tempus vel, pede.",2
297,Vestibulum rutrum rutrum neque.,1
298,"Donec ut mauris eget massa tempor convallis. Nulla neque libero, convallis eget, eleifend luctus, ultricies eu, nibh.",1
299,Pellentesque at nulla. Suspendisse potenti. Cras in purus eu magna vulputate luctus.,4
300,"Integer aliquet, massa id lobortis convallis, tortor risus dapibus augue, vel accumsan tellus nisi eu orci. Mauris lacinia sapien quis libero.",2
301,Ut at dolor quis odio consequat varius. Integer ac leo.,2
302,Aliquam erat volutpat. In congue. Etiam justo.,1
303,"Fusce posuere felis sed lacus. Morbi sem mauris, laoreet ut, rhoncus aliquet, pulvinar sed, nisl.",5
304,Integer ac neque. Duis bibendum.,5
305,"Nullam orci pede, venenatis non, sodales sed, tincidunt eu, felis. Fusce posuere felis sed lacus.",4
306,"In hac habitasse platea dictumst. Aliquam augue quam, sollicitudin vitae, consectetuer eget, rutrum at, lorem. Integer tincidunt ante vel ipsum.",3
307,Morbi non quam nec dui luctus rutrum. Nulla tellus. In sagittis dui vel nisl.,2
308,Integer ac neque. Duis bibendum. Morbi non quam nec dui luctus rutrum.,2
309,"Proin eu mi. Nulla ac enim. In tempor, turpis nec euismod scelerisque, quam turpis adipiscing lorem, vitae mattis nibh ligula nec sem.",4
310,Suspendisse accumsan tortor quis turpis.,5
311,"Suspendisse potenti. Cras in purus eu magna vulputate luctus. Cum sociis natoque penatibus et magnis dis parturient montes, nascetur ridiculus mus.",3
312,Pellentesque viverra pede ac diam. Cras pellentesque volutpat dui.,4
313,"Aenean fermentum. Donec ut mauris eget massa tempor convallis. Nulla neque libero, convallis eget, eleifend luctus, ultricies eu, nibh.",5
314,Sed sagittis.,1
315,Etiam justo.,5
316,Nulla ac enim.,3
317,"Fusce posuere felis sed lacus. Morbi sem mauris, laoreet ut, rhoncus aliquet, pulvinar sed, nisl.",2
318,"Cum sociis natoque penatibus et magnis dis parturient montes, nascetur ridiculus mus. Etiam vel augue.",5
319,Praesent lectus.,3
320,Fusce consequat. Nulla nisl. Nunc nisl.,3
321,Integer ac neque. Duis bibendum. Morbi non quam nec dui luctus rutrum.,5
322,"Duis ac nibh. Fusce lacus purus, aliquet at, feugiat non, pretium quis, lectus.",4
323,"Cras pellentesque volutpat dui. Maecenas tristique, est et tempus semper, est quam pharetra magna, ac consequat metus sapien ut nunc. Vestibulum ante ipsum primis in faucibus orci luctus et ultrices posuere cubilia Curae; Mauris viverra diam vitae quam.",5
324,Praesent blandit.,3
325,Nulla facilisi.,2
326,"Suspendisse potenti. Cras in purus eu magna vulputate luctus. Cum sociis natoque penatibus et magnis dis parturient montes, nascetur ridiculus mus.",1
327,"Morbi vestibulum, velit id pretium iaculis, diam erat fermentum justo, nec condimentum neque sapien placerat ante. Nulla justo.",3
328,Nullam varius.,1
329,"Nulla neque libero, convallis eget, eleifend luctus, ultricies eu, nibh.",3
330,"Curabitur at ipsum ac tellus semper interdum. Mauris ullamcorper purus sit amet nulla. Quisque arcu libero, rutrum ac, lobortis vel, dapibus at, diam.",1
331,Morbi vel lectus in quam fringilla rhoncus.,2
332,Etiam pretium iaculis justo.,5
333,"Maecenas tristique, est et tempus semper, est quam pharetra magna, ac consequat metus sapien ut nunc. Vestibulum ante ipsum primis in faucibus orci luctus et ultrices posuere cubilia Curae; Mauris viverra diam vitae quam.",3
334,Cras non velit nec nisi vulputate nonummy. Maecenas tincidunt lacus at velit.,3
335,Fusce consequat. Nulla nisl. Nunc nisl.,1
336,"Duis at velit eu est congue elementum. In hac habitasse platea dictumst. Morbi vestibulum, velit id pretium iaculis, diam erat fermentum justo, nec condimentum neque sapien placerat ante.",4
337,Nunc rhoncus dui vel sem. Sed sagittis.,5
338,"Vivamus metus arcu, adipiscing molestie, hendrerit at, vulputate vitae, nisl. Aenean lectus. Pellentesque eget nunc.",2
339,Nulla ut erat id mauris vulputate elementum.,3
340,Curabitur convallis. Duis consequat dui nec nisi volutpat eleifend.,3
341,"Nullam orci pede, venenatis non, sodales sed, tincidunt eu, felis. Fusce posuere felis sed lacus.",2
342,"Proin leo odio, porttitor id, consequat in, consequat ut, nulla. Sed accumsan felis. Ut at dolor quis odio consequat varius.",3
343,Maecenas pulvinar lobortis est. Phasellus sit amet erat. Nulla tempus.,3
344,Nullam varius. Nulla facilisi.,5
345,Praesent id massa id nisl venenatis lacinia. Aenean sit amet justo.,2
346,"Morbi vestibulum, velit id pretium iaculis, diam erat fermentum justo, nec condimentum neque sapien placerat ante. Nulla justo.",1
347,Phasellus sit amet erat.,5
348,Nam nulla.,5
349,Nulla justo.,1
350,Donec dapibus. Duis at velit eu est congue elementum. In hac habitasse platea dictumst.,1
351,In hac habitasse platea dictumst. Maecenas ut massa quis augue luctus tincidunt.,5
352,"Integer pede justo, lacinia eget, tincidunt eget, tempus vel, pede.",2
353,"Integer aliquet, massa id lobortis convallis, tortor risus dapibus augue, vel accumsan tellus nisi eu orci. Mauris lacinia sapien quis libero. Nullam sit amet turpis elementum ligula vehicula consequat.",2
354,"Morbi ut odio. Cras mi pede, malesuada in, imperdiet et, commodo vulputate, justo.",3
355,Nulla tempus. Vivamus in felis eu sapien cursus vestibulum.,4
356,"Duis bibendum, felis sed interdum venenatis, turpis enim blandit mi, in porttitor pede justo eu massa. Donec dapibus.",2
357,Duis aliquam convallis nunc. Proin at turpis a pede posuere nonummy. Integer non velit.,1
358,"Quisque arcu libero, rutrum ac, lobortis vel, dapibus at, diam.",4
359,Pellentesque eget nunc. Donec quis orci eget orci vehicula condimentum. Curabitur in libero ut massa volutpat convallis.,2
360,"Cum sociis natoque penatibus et magnis dis parturient montes, nascetur ridiculus mus. Vivamus vestibulum sagittis sapien.",4
361,Morbi non lectus.,3
362,Aliquam non mauris. Morbi non lectus.,5
363,Duis at velit eu est congue elementum.,5
364,Integer ac leo. Pellentesque ultrices mattis odio.,3
365,Quisque id justo sit amet sapien dignissim vestibulum. Vestibulum ante ipsum primis in faucibus orci luctus et ultrices posuere cubilia Curae; Nulla dapibus dolor vel est.,3
366,"Proin risus. Praesent lectus. Vestibulum quam sapien, varius ut, blandit non, interdum in, ante.",2
367,"Duis bibendum, felis sed interdum venenatis, turpis enim blandit mi, in porttitor pede justo eu massa.",3
368,Nulla mollis molestie lorem. Quisque ut erat.,1
369,Aenean sit amet justo. Morbi ut odio.,2
370,Morbi ut odio.,4
371,Mauris ullamcorper purus sit amet nulla.,5
372,Curabitur in libero ut massa volutpat convallis.,2
373,Morbi a ipsum. Integer a nibh. In quis justo.,5
374,Nunc purus. Phasellus in felis. Donec semper sapien a libero.,5
375,Nullam porttitor lacus at turpis. Donec posuere metus vitae ipsum.,5
376,"Cum sociis natoque penatibus et magnis dis parturient montes, nascetur ridiculus mus.",4
377,"Vivamus vel nulla eget eros elementum pellentesque. Quisque porta volutpat erat. Quisque erat eros, viverra eget, congue eget, semper rutrum, nulla.",5
378,"Nam congue, risus semper porta volutpat, quam pede lobortis ligula, sit amet eleifend pede libero quis orci. Nullam molestie nibh in lectus. Pellentesque at nulla.",2
379,Duis mattis egestas metus. Aenean fermentum. Donec ut mauris eget massa tempor convallis.,3
380,Quisque ut erat.,3
381,Morbi vel lectus in quam fringilla rhoncus.,1
382,Maecenas tincidunt lacus at velit. Vivamus vel nulla eget eros elementum pellentesque. Quisque porta volutpat erat.,1
383,In hac habitasse platea dictumst. Etiam faucibus cursus urna.,1
384,Duis aliquam convallis nunc. Proin at turpis a pede posuere nonummy.,5
385,Morbi a ipsum. Integer a nibh. In quis justo.,3
386,Suspendisse potenti. In eleifend quam a odio. In hac habitasse platea dictumst.,5
387,Aliquam erat volutpat.,3
388,Nulla justo. Aliquam quis turpis eget elit sodales scelerisque.,1
389,Aliquam quis turpis eget elit sodales scelerisque.,3
390,Nunc rhoncus dui vel sem. Sed sagittis.,2
391,Nulla tellus.,2
392,Fusce consequat.,3
393,Nulla suscipit ligula in lacus.,3
394,Ut tellus. Nulla ut erat id mauris vulputate elementum. Nullam varius.,5
395,"Vestibulum ante ipsum primis in faucibus orci luctus et ultrices posuere cubilia Curae; Donec pharetra, magna vestibulum aliquet ultrices, erat tortor sollicitudin mi, sit amet lobortis sapien sapien non mi. Integer ac neque. Duis bibendum.",3
396,Proin eu mi.,2
397,"Cras in purus eu magna vulputate luctus. Cum sociis natoque penatibus et magnis dis parturient montes, nascetur ridiculus mus.",1
398,Nullam sit amet turpis elementum ligula vehicula consequat. Morbi a ipsum. Integer a nibh.,4
399,"Nulla ac enim. In tempor, turpis nec euismod scelerisque, quam turpis adipiscing lorem, vitae mattis nibh ligula nec sem. Duis aliquam convallis nunc.",3
400,Aliquam erat volutpat. In congue. Etiam justo.,3
401,Donec semper sapien a libero.,1
402,Nam dui.,4
403,Sed ante.,5
404,Suspendisse potenti.,5
405,"In est risus, auctor sed, tristique in, tempus sit amet, sem. Fusce consequat. Nulla nisl.",1
406,"Cum sociis natoque penatibus et magnis dis parturient montes, nascetur ridiculus mus. Vivamus vestibulum sagittis sapien. Cum sociis natoque penatibus et magnis dis parturient montes, nascetur ridiculus mus.",3
407,Pellentesque viverra pede ac diam. Cras pellentesque volutpat dui.,2
408,Nulla tempus.,2
409,Mauris lacinia sapien quis libero. Nullam sit amet turpis elementum ligula vehicula consequat.,1
410,In hac habitasse platea dictumst.,4
411,"Integer aliquet, massa id lobortis convallis, tortor risus dapibus augue, vel accumsan tellus nisi eu orci. Mauris lacinia sapien quis libero. Nullam sit amet turpis elementum ligula vehicula consequat.",2
412,Mauris sit amet eros. Suspendisse accumsan tortor quis turpis. Sed ante.,3
413,Duis aliquam convallis nunc. Proin at turpis a pede posuere nonummy. Integer non velit.,1
414,"Proin leo odio, porttitor id, consequat in, consequat ut, nulla.",2
415,Proin eu mi. Nulla ac enim.,4
416,Duis aliquam convallis nunc.,4
417,"Nam nulla. Integer pede justo, lacinia eget, tincidunt eget, tempus vel, pede.",4
418,"Donec odio justo, sollicitudin ut, suscipit a, feugiat et, eros. Vestibulum ac est lacinia nisi venenatis tristique. Fusce congue, diam id ornare imperdiet, sapien urna pretium nisl, ut volutpat sapien arcu sed augue.",3
419,"Nam congue, risus semper porta volutpat, quam pede lobortis ligula, sit amet eleifend pede libero quis orci.",2
420,Cras non velit nec nisi vulputate nonummy. Maecenas tincidunt lacus at velit. Vivamus vel nulla eget eros elementum pellentesque.,3
421,Cras in purus eu magna vulputate luctus.,1
422,Aenean fermentum. Donec ut mauris eget massa tempor convallis.,2
423,"Nam ultrices, libero non mattis pulvinar, nulla pede ullamcorper augue, a suscipit nulla elit ac nulla. Sed vel enim sit amet nunc viverra dapibus.",3
424,Nulla tellus. In sagittis dui vel nisl.,3
425,Nullam molestie nibh in lectus.,3
426,Etiam justo. Etiam pretium iaculis justo.,4
427,"Aliquam augue quam, sollicitudin vitae, consectetuer eget, rutrum at, lorem. Integer tincidunt ante vel ipsum.",4
428,"Aliquam sit amet diam in magna bibendum imperdiet. Nullam orci pede, venenatis non, sodales sed, tincidunt eu, felis.",3
429,Praesent id massa id nisl venenatis lacinia.,3
430,Vestibulum ante ipsum primis in faucibus orci luctus et ultrices posuere cubilia Curae; Mauris viverra diam vitae quam. Suspendisse potenti.,2
431,"Phasellus id sapien in sapien iaculis congue. Vivamus metus arcu, adipiscing molestie, hendrerit at, vulputate vitae, nisl.",4
432,Cras non velit nec nisi vulputate nonummy. Maecenas tincidunt lacus at velit.,1
433,"In est risus, auctor sed, tristique in, tempus sit amet, sem.",3
434,"Quisque arcu libero, rutrum ac, lobortis vel, dapibus at, diam. Nam tristique tortor eu pede.",4
435,Donec dapibus. Duis at velit eu est congue elementum. In hac habitasse platea dictumst.,3
436,"Vestibulum quam sapien, varius ut, blandit non, interdum in, ante. Vestibulum ante ipsum primis in faucibus orci luctus et ultrices posuere cubilia Curae; Duis faucibus accumsan odio. Curabitur convallis.",2
437,"Duis bibendum, felis sed interdum venenatis, turpis enim blandit mi, in porttitor pede justo eu massa. Donec dapibus.",5
438,"Suspendisse potenti. Cras in purus eu magna vulputate luctus. Cum sociis natoque penatibus et magnis dis parturient montes, nascetur ridiculus mus.",5
439,Pellentesque at nulla. Suspendisse potenti.,1
440,"Donec odio justo, sollicitudin ut, suscipit a, feugiat et, eros.",1
441,"Donec odio justo, sollicitudin ut, suscipit a, feugiat et, eros.",1
442,Sed ante. Vivamus tortor.,2
443,Donec dapibus. Duis at velit eu est congue elementum.,5
444,"In tempor, turpis nec euismod scelerisque, quam turpis adipiscing lorem, vitae mattis nibh ligula nec sem. Duis aliquam convallis nunc.",5
445,In hac habitasse platea dictumst. Etiam faucibus cursus urna.,2
446,"Curabitur in libero ut massa volutpat convallis. Morbi odio odio, elementum eu, interdum eu, tincidunt in, leo.",4
447,"Mauris ullamcorper purus sit amet nulla. Quisque arcu libero, rutrum ac, lobortis vel, dapibus at, diam. Nam tristique tortor eu pede.",1
448,Vestibulum sed magna at nunc commodo placerat. Praesent blandit.,2
449,"Lorem ipsum dolor sit amet, consectetuer adipiscing elit.",3
450,Integer ac neque.,3
451,"Donec vitae nisi. Nam ultrices, libero non mattis pulvinar, nulla pede ullamcorper augue, a suscipit nulla elit ac nulla.",1
452,Curabitur at ipsum ac tellus semper interdum. Mauris ullamcorper purus sit amet nulla.,1
453,Nunc rhoncus dui vel sem. Sed sagittis.,1
454,Suspendisse potenti.,3
455,"Praesent blandit. Nam nulla. Integer pede justo, lacinia eget, tincidunt eget, tempus vel, pede.",2
456,"Proin risus. Praesent lectus. Vestibulum quam sapien, varius ut, blandit non, interdum in, ante.",5
457,Quisque ut erat. Curabitur gravida nisi at nibh. In hac habitasse platea dictumst.,3
458,Mauris sit amet eros. Suspendisse accumsan tortor quis turpis.,3
459,Mauris lacinia sapien quis libero. Nullam sit amet turpis elementum ligula vehicula consequat.,2
460,Sed ante. Vivamus tortor.,3
461,Sed vel enim sit amet nunc viverra dapibus. Nulla suscipit ligula in lacus. Curabitur at ipsum ac tellus semper interdum.,1
462,Nullam varius. Nulla facilisi.,1
463,Vestibulum ante ipsum primis in faucibus orci luctus et ultrices posuere cubilia Curae; Duis faucibus accumsan odio. Curabitur convallis. Duis consequat dui nec nisi volutpat eleifend.,4
464,Praesent blandit. Nam nulla.,2
465,Duis consequat dui nec nisi volutpat eleifend.,4
466,Nulla ut erat id mauris vulputate elementum.,2
467,"Nam dui. Proin leo odio, porttitor id, consequat in, consequat ut, nulla.",5
468,Etiam vel augue. Vestibulum rutrum rutrum neque.,4
469,Sed sagittis.,5
470,Nulla suscipit ligula in lacus. Curabitur at ipsum ac tellus semper interdum.,3
471,Nunc rhoncus dui vel sem. Sed sagittis.,1
472,"Mauris enim leo, rhoncus sed, vestibulum sit amet, cursus id, turpis.",4
473,Vivamus vel nulla eget eros elementum pellentesque. Quisque porta volutpat erat.,3
474,"Morbi odio odio, elementum eu, interdum eu, tincidunt in, leo. Maecenas pulvinar lobortis est. Phasellus sit amet erat.",4
475,Pellentesque viverra pede ac diam. Cras pellentesque volutpat dui.,3
476,In eleifend quam a odio. In hac habitasse platea dictumst. Maecenas ut massa quis augue luctus tincidunt.,4
477,"Maecenas tristique, est et tempus semper, est quam pharetra magna, ac consequat metus sapien ut nunc.",1
478,Morbi vel lectus in quam fringilla rhoncus.,2
479,In eleifend quam a odio. In hac habitasse platea dictumst. Maecenas ut massa quis augue luctus tincidunt.,4
480,"Maecenas tristique, est et tempus semper, est quam pharetra magna, ac consequat metus sapien ut nunc. Vestibulum ante ipsum primis in faucibus orci luctus et ultrices posuere cubilia Curae; Mauris viverra diam vitae quam. Suspendisse potenti.",5
481,Sed vel enim sit amet nunc viverra dapibus. Nulla suscipit ligula in lacus. Curabitur at ipsum ac tellus semper interdum.,1
482,Duis consequat dui nec nisi volutpat eleifend.,5
483,Cras in purus eu magna vulputate luctus.,1
484,Duis aliquam convallis nunc.,3
485,Vivamus in felis eu sapien cursus vestibulum. Proin eu mi.,1
486,Ut at dolor quis odio consequat varius.,2
487,"Maecenas tristique, est et tempus semper, est quam pharetra magna, ac consequat metus sapien ut nunc. Vestibulum ante ipsum primis in faucibus orci luctus et ultrices posuere cubilia Curae; Mauris viverra diam vitae quam.",2
488,Proin at turpis a pede posuere nonummy.,3
489,"Lorem ipsum dolor sit amet, consectetuer adipiscing elit. Proin interdum mauris non ligula pellentesque ultrices.",5
490,"Sed sagittis. Nam congue, risus semper porta volutpat, quam pede lobortis ligula, sit amet eleifend pede libero quis orci. Nullam molestie nibh in lectus.",2
491,In quis justo. Maecenas rhoncus aliquam lacus.,4
492,In sagittis dui vel nisl. Duis ac nibh.,2
493,"Quisque erat eros, viverra eget, congue eget, semper rutrum, nulla. Nunc purus.",1
494,Suspendisse potenti.,1
495,Mauris sit amet eros. Suspendisse accumsan tortor quis turpis.,3
496,Donec quis orci eget orci vehicula condimentum.,1
497,"Morbi odio odio, elementum eu, interdum eu, tincidunt in, leo. Maecenas pulvinar lobortis est.",1
498,Suspendisse potenti. Nullam porttitor lacus at turpis.,2
499,"Fusce posuere felis sed lacus. Morbi sem mauris, laoreet ut, rhoncus aliquet, pulvinar sed, nisl.",5
500,Proin at turpis a pede posuere nonummy.,2
